smile_fold1,target_fold1,prediction_fold1,smile_fold1
NC(=O)OCCCCCC,-1.92,-1.6654625,NC(=O)OCCCCCC
OCC(O)C(O)C(O)C(O)CO,1.09,0.196504415,OCC(O)C(O)C(O)C(O)CO
c1ccc(Cl)cc1Br,-3.21,-3.3356565,c1ccc(Cl)cc1Br
CCCCS,-2.18,-1.72808685,CCCCS
N(Nc(cccc1)c1)c(cccc2)c2,-2.92,-3.165481,N(Nc(cccc1)c1)c(cccc2)c2
COC(C)C,-0.06,0.190339165,COC(C)C
CCCOCCC,-1.62,-0.9276318,CCCOCCC
Oc(cc(c(c1C)Cl)C)c1,-2.8,-2.0709635,Oc(cc(c(c1C)Cl)C)c1
O=C(OC)C(=C)C,-0.8,-0.3361448,O=C(OC)C(=C)C
COc2ccc1cc(ccc1c2)C(C)C(O)=O,-4.16,-3.163614,COc2ccc1cc(ccc1c2)C(C)C(O)=O
O=C1NC(=O)NC(=O)C1(CC)C2=CC(C3)CCC3C2,-2.64,-3.0532445,O=C1NC(=O)NC(=O)C1(CC)C2=CC(C3)CCC3C2
c1cc(O)ccc1O,-0.17,-0.081786181,c1cc(O)ccc1O
c1cccc(N)c1C(=O)O,-1.52,-1.0484514,c1cccc(N)c1C(=O)O
c1c(C)cc(C)cc1O,-1.4,-1.2320034,c1c(C)cc(C)cc1O
O(C(OCC)C)CC,-0.43,-0.624360775,O(C(OCC)C)CC
CC1=C(SCCO1)C(=O)Nc2ccccc2,-3.14,-2.732385,CC1=C(SCCO1)C(=O)Nc2ccccc2
c1ccc2C(O)=C(C(c3ccccc3)CC(=O)C)C(=O)Oc2c1,-3.89,-4.702916,c1ccc2C(O)=C(C(c3ccccc3)CC(=O)C)C(=O)Oc2c1
c1ccccc1C(C)CC,-3.89,-3.8726615,c1ccccc1C(C)CC
c1cc(Cl)c(Cl)c(Cl)c1Cl,-4.57,-4.6321155,c1cc(Cl)c(Cl)c(Cl)c1Cl
c1c(C)nc2cncnc2n1,0.06,-1.24594405,c1c(C)nc2cncnc2n1
c1cccc(Cl)c1c2c(Cl)cccc2,-5.27,-5.6118225,c1cccc(Cl)c1c2c(Cl)cccc2
c1ccc2c3ccccc3Cc2c1C,-5.22,-5.109422,c1ccc2c3ccccc3Cc2c1C
NC(=N)NCC(=O)O,-1.51,-0.6133054,NC(=N)NCC(=O)O
O=COCC(C)C,-1.01,-0.337844985,O=COCC(C)C
O=C(N(C)C)N(C)C,0.94,0.19515636,O=C(N(C)C)N(C)C
c1ccccc1c2c(Cl)cc(Cl)cc2,-5.25,-5.630044,c1ccccc1c2c(Cl)cc(Cl)cc2
n(ccc(c1)c(ccnc2)c2)c1,-1.54,-1.61085245,n(ccc(c1)c(ccnc2)c2)c1
c1cc(N)ccc1S(=O)(=O)Nc2ncc(C)cn2,-2.82,-2.7860515,c1cc(N)ccc1S(=O)(=O)Nc2ncc(C)cn2
c1c(Cl)cc(Cl)cc1Cl,-4.48,-3.613015,c1c(Cl)cc(Cl)cc1Cl
c1cc(Cl)c(Cl)cc1c2c(Cl)cc(Cl)c(Cl)c2,-7.39,-7.562119,c1cc(Cl)c(Cl)cc1c2c(Cl)cc(Cl)c(Cl)c2
c1cc(Cl)ccc1c2c(Cl)ccc(Cl)c2,-6.25,-6.242112,c1cc(Cl)ccc1c2c(Cl)ccc(Cl)c2
CC(CCC(O)=O)C3CCC4C2C(O)CC1CC(O)CCC1(C)C2CCC34C,-3.64,-4.777226,CC(CCC(O)=O)C3CCC4C2C(O)CC1CC(O)CCC1(C)C2CCC34C
c1cccc(C)c1C,-2.8,-2.749575,c1cccc(C)c1C
C(=CCC(C(=C)C)C1)(C1)C,-4,-3.9887665,C(=CCC(C(=C)C)C1)(C1)C
CCC(N)C(=O)O,0.31,0.47294745,CCC(N)C(=O)O
CN(C=Nc1ccc(C)cc1C)C=Nc2ccc(C)cc2C,-5.47,-4.384374,CN(C=Nc1ccc(C)cc1C)C=Nc2ccc(C)cc2C
CCOC(C)C,-0.55,-0.27631718,CCOC(C)C
COc1c(Cl)ccc(Cl)c1C(O)=O,-1.7,-2.8288955,COc1c(Cl)ccc(Cl)c1C(O)=O
c1cnc2cncnc2n1,0.02,-1.05927055,c1cnc2cncnc2n1
C1CCCC(C)C1=O,-0.94,-1.25543155,C1CCCC(C)C1=O
C1C(O)CC2CCC3C4CCC(=O)C4(C)CC(O)C3C2(C)C1,-3.59,-3.6108015,C1C(O)CC2CCC3C4CCC(=O)C4(C)CC(O)C3C2(C)C1
O=C(N)c(nccn1)c1,-0.91,-0.352816955,O=C(N)c(nccn1)c1
CCC(O)C,0.43,0.173427709,CCC(O)C
C1C(OC(=O)C)CC2=CCC3C4CCC(=O)C4(C)CCC3C2(C)C1,-4.46,-4.3284055,C1C(OC(=O)C)CC2=CCC3C4CCC(=O)C4(C)CCC3C2(C)C1
OC(=O)c1c(C=O)ccc(OC)c1OC,-1.92,-1.717405,OC(=O)c1c(C=O)ccc(OC)c1OC
CC34CCC1C(CCC2=CC(=O)CCC12)C3CCC4(O)C#C,-4.57,-4.9589045,CC34CCC1C(CCC2=CC(=O)CCC12)C3CCC4(O)C#C
s(c(c(c1cccc2)ccc3)c3)c12,-4.38,-4.7248095,s(c(c(c1cccc2)ccc3)c3)c12
c1ccccc1S,-2.12,-2.468974,c1ccccc1S
Clc1cc(Cl)c(Cl)cc1c2c(Cl)c(Cl)cc(Cl)c2,-8.6,-8.0687765,Clc1cc(Cl)c(Cl)cc1c2c(Cl)c(Cl)cc(Cl)c2
ClCC(O)CCl,-0.11,-0.67702625,ClCC(O)CCl
c1cc(N)ccc1S(=O)(=O)Nc2nc(C)c(C)o2,-2.44,-2.5518235,c1cc(N)ccc1S(=O)(=O)Nc2nc(C)c(C)o2
C1(=O)C=C2CCC3C4CC(C)C(O)(C(=O)COC(=O)C)C4(C)CC(O)C3(F)C2(C)C=C1,-4.9,-3.8193335,C1(=O)C=C2CCC3C4CC(C)C(O)(C(=O)COC(=O)C)C4(C)CC(O)C3(F)C2(C)C=C1
O=C(O)C(C)C,0.28,0.115928467,O=C(O)C(C)C
CCOC2Oc1ccc(OS(C)(=O)=O)cc1C2(C)C,-3.42,-2.27413,CCOC2Oc1ccc(OS(C)(=O)=O)cc1C2(C)C
C1CCN2CC(C3)C4CCCCN4CC3C2C1,-1.89,-1.63677,C1CCN2CC(C3)C4CCCCN4CC3C2C1
CCCCC=C,-3.23,-2.9507545,CCCCC=C
c1c(C(C)(C)C)cc(C(C)(C)C)cc1OC(=O)NC,-4.24,-3.7732385,c1c(C(C)(C)C)cc(C(C)(C)C)cc1OC(=O)NC
O=C(c(ccc(N)c1)c1)CC,-2.63,-1.829691,O=C(c(ccc(N)c1)c1)CC
O=N(=O)c(cccc1C)c1,-2.44,-2.0239775,O=N(=O)c(cccc1C)c1
OCC(O)C(O)CO,0.7,0.862691695,OCC(O)C(O)CO
OC(=O)c1ccsc1,-1.47,-0.60234545,OC(=O)c1ccsc1
CCNc1nc(NC(C)C)nc(SC)n1,-3.04,-3.347759,CCNc1nc(NC(C)C)nc(SC)n1
N(N)c(cccc1)c1,0.07,-0.80772845,N(N)c(cccc1)c1
c1ccc(Cl)c(Cl)c1c2c(Cl)ccc(Cl)c2,-6.47,-6.9351275,c1ccc(Cl)c(Cl)c1c2c(Cl)ccc(Cl)c2
c1cccc(Cl)c1C,-3.52,-2.7162855,c1cccc(Cl)c1C
O=C(O)CCC(C(C(C(C(C(C(C(C1)CC(O)C2)(C2)C)C3)C1)C4)(C3O)C)C4)C,-3.95,-4.6250885,O=C(O)CCC(C(C(C(C(C(C(C(C1)CC(O)C2)(C2)C)C3)C1)C4)(C3O)C)C4)C
OCCCCCCCC,-2.39,-2.344996,OCCCCCCCC
ClC1=C(Cl)C(Cl)(C2(Cl)Cl)C3CC=CC3C12Cl,-5.64,-6.0112055,ClC1=C(Cl)C(Cl)(C2(Cl)Cl)C3CC=CC3C12Cl
CC13CCC(=O)C=C1CCC4C2CCC(O)(C(=O)CO)C2(C)CC(=O)C34,-3.11,-3.5560495,CC13CCC(=O)C=C1CCC4C2CCC(O)(C(=O)CO)C2(C)CC(=O)C34
N(CCCC1)(C1)C,0.23,0.25917492,N(CCCC1)(C1)C
CCCCCC#C,-3.01,-3.273505,CCCCCC#C
n(c(ccc1)C(Cl)(Cl)Cl)c1Cl,-3.76,-4.2450375,n(c(ccc1)C(Cl)(Cl)Cl)c1Cl
c1ccccc1c2c(Cl)cc(Cl)cc2Cl,-6.14,-6.137266,c1ccccc1c2c(Cl)cc(Cl)cc2Cl
CCOP(=S)(OCC)SCSCC,-4.11,-3.8299075,CCOP(=S)(OCC)SCSCC
c12ccccc1cc3c4ccccc4c5c3c2ccc5,-8.23,-7.7324255,c12ccccc1cc3c4ccccc4c5c3c2ccc5
c1ccccc1c2ccccc2,-4.31,-4.2591555,c1ccccc1c2ccccc2
c1cc(C)ccc1C(=O)O,-2.6,-1.2744113,c1cc(C)ccc1C(=O)O
CCCCC(C)C(C)O,-1.72,-1.9457615,CCCCC(C)C(C)O
N1C=Nc2ncnc2C1(=O),-2.29,-1.134386,N1C=Nc2ncnc2C1(=O)
O=N(=O)c(ccc(Oc(c(cc(c1)Cl)Cl)c1)c2)c2,-5.46,-5.003102,O=N(=O)c(ccc(Oc(c(cc(c1)Cl)Cl)c1)c2)c2
O=C(C=C(CC1(C)C)C)C1,-1.06,-1.81572,O=C(C=C(CC1(C)C)C)C1
ClC(Cl)Cl,-1.17,-1.25942615,ClC(Cl)Cl
n(cccc1O)c1,-0.46,0.311731545,n(cccc1O)c1
O=C(OCC)C,-0.04,0.135224271,O=C(OCC)C
c1cnc2cnc(OC)nc2n1,-1.11,-1.709311,c1cnc2cnc(OC)nc2n1
COP(=S)(OC)Oc1cc(Cl)c(Cl)cc1Cl,-5.72,-5.312288,COP(=S)(OC)Oc1cc(Cl)c(Cl)cc1Cl
Oc(cccc1O)c1,0.81,-0.26448287,Oc(cccc1O)c1
ClC(Cl)CCC,-2.4,-2.308192,ClC(Cl)CCC
N#Cc(c(C#N)ccc1)c1,-2.38,-1.931186,N#Cc(c(C#N)ccc1)c1
CC(=O)N(C)C,1.11,0.84634595,CC(=O)N(C)C
O(c(c(O)cc(c1)Cl)c1)c(c(cc(c2)Cl)Cl)c2,-4.46,-5.2139955,O(c(c(O)cc(c1)Cl)c1)c(c(cc(c2)Cl)Cl)c2
c1ccc2c3ccccc3c4ccccc4c2c1,-6.74,-7.1954365,c1ccc2c3ccccc3c4ccccc4c2c1
O=NN(CCCC1)C1,-0.17,-0.5067687,O=NN(CCCC1)C1
n1cncn1CC(O)(c2ccc(F)cc2)c3ccccc3F,-3.37,-3.9894325,n1cncn1CC(O)(c2ccc(F)cc2)c3ccccc3F
CC(C)c1ccc(NC(=O)N(C)C)cc1,-3.54,-2.646621,CC(C)c1ccc(NC(=O)N(C)C)cc1
C1=C(C)C(=O)NC(=O)N1,-1.52,-0.85068865,C1=C(C)C(=O)NC(=O)N1
c(c(c(c1ccc2)c2)ccc3)(c3)C1,-4.91,-4.318962,c(c(c(c1ccc2)c2)ccc3)(c3)C1
OCCCCCCC,-1.81,-1.762809,OCCCCCCC
OC(=O)c1ccccc1C(F)(F)F,-1.6,-3.0669365,OC(=O)c1ccccc1C(F)(F)F
c1cc(N)ccc1S(=O)(=O)N(C(=O)C)c2onc(C)c2C,-3.59,-2.8504095,c1cc(N)ccc1S(=O)(=O)N(C(=O)C)c2onc(C)c2C
CC(O)(CC)C,0.08,-0.19991435,CC(O)(CC)C
O=C(O)C(=C)C,0.01,-0.00024057,O=C(O)C(=C)C
C3c1ccccc1c4ccc2ccccc2c34,-6.68,-6.6420155,C3c1ccccc1c4ccc2ccccc2c34
OCCN4CCN(CCCN2c1ccccc1Sc3ccc(cc23)C(F)(F)F)CC4,-4.15,-4.2912225,OCCN4CCN(CCCN2c1ccccc1Sc3ccc(cc23)C(F)(F)F)CC4
c1cccc(C)c1CC,-3.21,-3.3840285,c1cccc(C)c1CC
Cc1ccc2C(=O)C(C(=O)O)=CN(CC)c2n1,-3.37,-1.7456015,Cc1ccc2C(=O)C(C(=O)O)=CN(CC)c2n1
ClC(Cl)C,-1.29,-1.09357385,ClC(Cl)C
O=S(=O)(Nc(nccc1C)n1)c(ccc(N)c2)c2,-2.85,-2.8580055,O=S(=O)(Nc(nccc1C)n1)c(ccc(N)c2)c2
ClC(Cl)(F)C(F)(F)Cl,-3.04,-2.1920355,ClC(Cl)(F)C(F)(F)Cl
Cc1occc1C(=O)Nc2ccccc2,-3.3,-2.4646365,Cc1occc1C(=O)Nc2ccccc2
O=C(OCC)CCCCCCCCC,-4.1,-3.8165655,O=C(OCC)CCCCCCCCC
CN(C)CCCN2c1ccccc1CCc3ccccc23,-4.19,-3.627413,CN(C)CCCN2c1ccccc1CCc3ccccc23
Nc(ccc(c(ccc(N)c1)c1)c2)c2,-2.7,-3.1423955,Nc(ccc(c(ccc(N)c1)c1)c2)c2
NC(=O)N,0.96,0.511849385,NC(=O)N
CC(Br)C,-1.59,-1.7575835,CC(Br)C
c1ccccc1c2c(Cl)cccc2Cl,-5.21,-5.4655555,c1ccccc1c2c(Cl)cccc2Cl
n(cccn1)c1,1.1,0.23083764,n(cccn1)c1
CCC=CC,-2.54,-1.938553,CCC=CC
O=C(O)C(C(C(=O)O)C(O1)CC2)C12,-0.27,-0.8071694,O=C(O)C(C(C(=O)O)C(O1)CC2)C12
c1cc2C(=O)C=C(C)C(=O)c2cc1,-3.03,-2.8829175,c1cc2C(=O)C=C(C)C(=O)c2cc1
n(nccc1)c1,1.1,-0.083213683,n(nccc1)c1
CC(=O)OCC(=O)C3(O)CCC4C2CCC1=CC(=O)CCC1(C)C2C(=O)CC34C,-4,-3.906506,CC(=O)OCC(=O)C3(O)CCC4C2CCC1=CC(=O)CCC1(C)C2C(=O)CC34C
CNC(=O)Oc1ccccc1OC(C)C,-2.05,-2.362334,CNC(=O)Oc1ccccc1OC(C)C
O=C(OC)CC,-0.14,0.081181333,O=C(OC)CC
c1ccccc1CCCC,-4.06,-3.9101835,c1ccccc1CCCC
OCCCCCCCCCCCC,-4.67,-4.6075905,OCCCCCCCCCCCC
c1cc(F)ccc1CCl,-2.54,-2.717862,c1cc(F)ccc1CCl
FC(F)(C(F)(F)Cl)Cl,-3.12,-1.55921855,FC(F)(C(F)(F)Cl)Cl
O=C(O)CCc(cccc1)c1,-1.41,-1.9823655,O=C(O)CCc(cccc1)c1
O=C(NC(=O)C(O)(C1=O)C(O)(C(=O)NC(=O)N2)C2=O)N1,-2.23,-2.436491,O=C(NC(=O)C(O)(C1=O)C(O)(C(=O)NC(=O)N2)C2=O)N1
CC(O)(C)CCCCC,-1.72,-1.8309125,CC(O)(C)CCCCC
CCCCC,-3.18,-2.4626235,CCCCC
COP(=S)(OC)Oc1cc(Cl)c(Br)cc1Cl,-6.09,-5.1229075,COP(=S)(OC)Oc1cc(Cl)c(Br)cc1Cl
CCCC(C)C1(CC)C(=O)NC(=O)NC1=O,-2.52,-2.24289,CCCC(C)C1(CC)C(=O)NC(=O)NC1=O
c1ccccc1CCC,-3.37,-3.2884945,c1ccccc1CCC
O=N(=O)c(cc(N(=O)=O)c(O)c1C(CC)C)c1,-3.38,-3.348251,O=N(=O)c(cc(N(=O)=O)c(O)c1C(CC)C)c1
c2ccc1cc3c(cc1c2)c4cccc5cccc3c45,-8.49,-7.528927,c2ccc1cc3c(cc1c2)c4cccc5cccc3c45
ClCCBr,-1.32,-1.360204,ClCCBr
Clc1c(Cl)c(Cl)c(Cl)c(Cl)c1c2c(Cl)c(Cl)c(Cl)c(Cl)c2Cl,-11.62,-9.0932845,Clc1c(Cl)c(Cl)c(Cl)c(Cl)c1c2c(Cl)c(Cl)c(Cl)c(Cl)c2Cl
OCC(C)C,0.04,0.188468808,OCC(C)C
OCC(CCCC)CC,-2.11,-2.1561615,OCC(CCCC)CC
N(c(c(ccc1)C2)c1)C2,-1.04,-1.0303914,N(c(c(ccc1)C2)c1)C2
ClC(Cl)C(c1ccc(Cl)cc1)c2ccccc2Cl,-6.51,-6.905169,ClC(Cl)C(c1ccc(Cl)cc1)c2ccccc2Cl
O=C(OC)c(cccn1)c1,-0.46,-0.595977585,O=C(OC)c(cccn1)c1
n1c(N)nc(N)c(Cc2cc(OC)c(OCCOC)c(OC)c2)c1,-2.1,-3.342653,n1c(N)nc(N)c(Cc2cc(OC)c(OCCOC)c(OC)c2)c1
c1ccc(Cl)cc1O,-0.7,-1.3564245,c1ccc(Cl)cc1O
O=C(OCc1ccccc1)N,-0.35,-1.679704,O=C(OCc1ccccc1)N
Clc1cccc(Cl)c1c2c(Cl)cc(Cl)cc2Cl,-7.32,-7.3144955,Clc1cccc(Cl)c1c2c(Cl)cc(Cl)cc2Cl
CCC(O)CCC,-0.8,-0.9679046,CCC(O)CCC
CCC(C)(C)C,-3.55,-2.4229305,CCC(C)(C)C
COc1ccc2C=CC(=O)Oc2c1CC=C(C)C,-4.31,-3.7934295,COc1ccc2C=CC(=O)Oc2c1CC=C(C)C
c1c(Cl)c(Cl)c(Cl)c(Cl)c1c2c(Cl)c(Cl)c(Cl)c(Cl)c2Cl,-10.26,-8.768788,c1c(Cl)c(Cl)c(Cl)c(Cl)c1c2c(Cl)c(Cl)c(Cl)c(Cl)c2Cl
O(CCNC1)C1,1.06,0.7991434,O(CCNC1)C1
ClCCS(=O)CCCl,-1.16,-1.79379255,ClCCS(=O)CCCl
CCCN(CCC)CCC,-2.28,-1.4533365,CCCN(CCC)CCC
OC(=O)CC(C)(C(=O)O)C(C)(C)C(=O)O,-0.29,-1.06735685,OC(=O)CC(C)(C(=O)O)C(C)(C)C(=O)O
CCCCCCC,-4.53,-3.731035,CCCCCCC
O=C(NCCCC)NS(=O)(=O)c(ccc(c1)C)c1,-3.39,-2.735626,O=C(NCCCC)NS(=O)(=O)c(ccc(c1)C)c1
ClC(Cl)(Cl)C(Cl)Cl,-2.6,-2.9281285,ClC(Cl)(Cl)C(Cl)Cl
O=C(N(S(=O)(=O)Nc1cccc2)C(C)C)c12,-2.68,-2.3796255,O=C(N(S(=O)(=O)Nc1cccc2)C(C)C)c12
O=C(NC(=O)C1=O)N1,-0.4,-0.7904252,O=C(NC(=O)C1=O)N1
c1ccc2Sc3ccc(OC)cc3N(CC(C)CN(C)C)c2c1,-4.22,-4.0472315,c1ccc2Sc3ccc(OC)cc3N(CC(C)CN(C)C)c2c1
O=C(O)c(c(O)c(cc1I)I)c1,-3.31,-3.045819,O=C(O)c(c(O)c(cc1I)I)c1
O=CCCCCC,-1.3,-1.3587,O=CCCCCC
CCN(CC)C(=S)SCC(Cl)=C,-3.39,-3.6832675,CCN(CC)C(=S)SCC(Cl)=C
C1C(C)(C)CC(=O)C=C1OC(=O)N(C)C,-0.85,-1.583769,C1C(C)(C)CC(=O)C=C1OC(=O)N(C)C
ClC(Cl)(Cl)C,-2,-1.7611215,ClC(Cl)(Cl)C
CC1CC2C3CCC(O)(C(=O)C)C3(C)CC(O)C2(F)C4(C)C=CC(=O)C=C14,-4.1,-3.9152105,CC1CC2C3CCC(O)(C(=O)C)C3(C)CC(O)C2(F)C4(C)C=CC(=O)C=C14
Oc(ccc(c1)Br)c1,-1.09,-1.80621,Oc(ccc(c1)Br)c1
O=N(=O)c(c(O)ccc1)c1,-1.74,-1.5646035,O=N(=O)c(c(O)ccc1)c1
O=C(Nc(c(ccc1)C)c1C)C(N(CCC2)C)C2,-1.55,-2.413299,O=C(Nc(c(ccc1)C)c1C)C(N(CCC2)C)C2
c1ccc2ncsc2c1,-1.5,-2.201456,c1ccc2ncsc2c1
BrCCCCl,-1.85,-1.940118,BrCCCCl
O(CC(O)C1)C1,1.05,0.7067187,O(CC(O)C1)C1
FC(F)(F)c(cccc1C(n(ncn2)c2)(c(cccc3)c3)c(cccc4)c4)c1,-8.4,-5.114935,FC(F)(F)c(cccc1C(n(ncn2)c2)(c(cccc3)c3)c(cccc4)c4)c1
O=C(O)COc(c(cc(c1Cl)Cl)Cl)c1,-2.96,-3.754439,O=C(O)COc(c(cc(c1Cl)Cl)Cl)c1
n(ccc(n1)O)c1S,-2.26,-1.63702265,n(ccc(n1)O)c1S
CCN(CC)CC,-0.14,0.045248317,CCN(CC)CC
CCCC(O)C(CC)CO,-0.54,-1.01264845,CCCC(O)C(CC)CO
c1c(Cl)ccc(Cl)c1c2c(Cl)c(Cl)c(Cl)c(Cl)c2Cl,-8.94,-8.094803,c1c(Cl)ccc(Cl)c1c2c(Cl)c(Cl)c(Cl)c(Cl)c2Cl
O=C(NCC1)C1,1.07,0.296547565,O=C(NCC1)C1
OC(=O)c1cccnc1Nc2cc(C(F)(F)F)ccc2,-4.17,-3.653703,OC(=O)c1cccnc1Nc2cc(C(F)(F)F)ccc2
CC(O)(C)C(C)CC,-0.89,-0.9907064,CC(O)(C)C(C)CC
O=C(Nc(cccc1)c1)Nc(cccc2)c2,-3.15,-3.3968485,O=C(Nc(cccc1)c1)Nc(cccc2)c2
c1ccccc1CCl,-2.39,-2.443326,c1ccccc1CCl
COc1ccc(cc1)C(c2ccc(OC)cc2)C(Cl)(Cl)Cl,-6.89,-5.637767,COc1ccc(cc1)C(c2ccc(OC)cc2)C(Cl)(Cl)Cl
c1ccccc1C(C)(C)C,-3.66,-3.2186635,c1ccccc1C(C)(C)C
O=C(N)c(cccn1)c1,0.61,-0.478282285,O=C(N)c(cccn1)c1
O=C(NCC(=O)N1)C1,-0.83,0.062448205,O=C(NCC(=O)N1)C1
CCNC(=O)C(C)OC(=O)Nc1ccccc1,-1.83,-2.391195,CCNC(=O)C(C)OC(=O)Nc1ccccc1
NC(Cc2cc(I)c(Oc1ccc(O)c(I)c1)c(I)c2)C(O)=O,-5.22,-5.3094265,NC(Cc2cc(I)c(Oc1ccc(O)c(I)c1)c(I)c2)C(O)=O
O=C(c(cccc1)c1)CC,-1.83,-2.036368,O=C(c(cccc1)c1)CC
CC1(C)C(C=C(Cl)Cl)C1C(=O)OCc3cccc(Oc2ccccc2)c3,-6.29,-5.860046,CC1(C)C(C=C(Cl)Cl)C1C(=O)OCc3cccc(Oc2ccccc2)c3
O=C(O)CCCCCCCCCCCCCCC,-6.81,-5.158906,O=C(O)CCCCCCCCCCCCCCC
OC(c(cccc1)c1)Cc(cccc2)c2,-2.52,-3.572165,OC(c(cccc1)c1)Cc(cccc2)c2
CC(C)CC=C,-3.24,-2.700766,CC(C)CC=C
n(c(c(c(c1)C)ccc2c(ccn3)C)c23)c1,-3.97,-3.005597,n(c(c(c(c1)C)ccc2c(ccn3)C)c23)c1
OC(C=C)(CCC=C(C)C)C,-1.99,-2.277998,OC(C=C)(CCC=C(C)C)C
ClCCS(=O)(=O)CCl,-1.5,-0.49005704,ClCCS(=O)(=O)CCl
n(c(N(Cc(cccc1)c1)CCN(C)C)ccc2)c2,-2.64,-2.423844,n(c(N(Cc(cccc1)c1)CCN(C)C)ccc2)c2
O=C1C=C2CCC3C4CCC(O)(C(=O)COC(=O)C(C)(C)C)C4(C)CC(O)C3C2(C)C=C1,-4.58,-4.4029015,O=C1C=C2CCC3C4CCC(O)(C(=O)COC(=O)C(C)(C)C)C4(C)CC(O)C3C2(C)C=C1
CN(C)C(=O)Oc1cc(C)nn1c2ccccc2,-2.09,-2.52982,CN(C)C(=O)Oc1cc(C)nn1c2ccccc2
O=C(N(C)C)Nc(cccc1C(F)(F)F)c1,-3.43,-2.7373305,O=C(N(C)C)Nc(cccc1C(F)(F)F)c1
O=C1C=C2CCC3C4CC(OC(=O)C)C(O)(C(=O)COC(=O)C)C4(C)CC(O)C3(F)C2(C)C=C1,-4.13,-3.6685305,O=C1C=C2CCC3C4CC(OC(=O)C)C(O)(C(=O)COC(=O)C)C4(C)CC(O)C3(F)C2(C)C=C1
c1cc(O)c2C(=O)C3=C(O)C4(O)C(=O)C(C(=O)N)=C(O)C(N(C)C)C4CC3C(O)c2c1Cl,-2.52,-3.098129,c1cc(O)c2C(=O)C3=C(O)C4(O)C(=O)C(C(=O)N)=C(O)C(N(C)C)C4CC3C(O)c2c1Cl
O=C(N)NO,1.12,-0.044594071,O=C(N)NO
ClC=CCl,-1.3,-1.27973645,ClC=CCl
ICCCC,-2.96,-3.0009635,ICCCC
O=N(=O)c(c(c(c(c1Cl)Cl)Cl)Cl)c1Cl,-5.82,-5.275358,O=N(=O)c(c(c(c(c1Cl)Cl)Cl)Cl)c1Cl
Nc3ccc2cc1ccccc1cc2c3,-5.17,-4.3149775,Nc3ccc2cc1ccccc1cc2c3
O=CC=C,0.57,0.085719495,O=CC=C
O=N(=O)NC(=N)N,-1.37,-1.5576695,O=N(=O)NC(=N)N
c1cc(Cl)ccc1c2c(Cl)cc(Cl)cc2,-6.21,-6.0958255,c1cc(Cl)ccc1c2c(Cl)cc(Cl)cc2
CNC(=O)ON=C1C(C2)C(C#N)CC2C1Cl,-2.08,-2.715943,CNC(=O)ON=C1C(C2)C(C#N)CC2C1Cl
N(CCCC)(CCCC)CCCC,-3.12,-3.124378,N(CCCC)(CCCC)CCCC
O(c(ccc(nccc1C(O)C(N(CCC2C3C=C)C3)C2)c14)c4)C,-3.37,-3.796215,O(c(ccc(nccc1C(O)C(N(CCC2C3C=C)C3)C2)c14)c4)C
O=C(O)CCCCCCCCCCN,-2.7,-2.904092,O=C(O)CCCCCCCCCCN
O=C(O)C(N)CCSC,-0.42,-0.6216296,O=C(O)C(N)CCSC
COc2ccc(CC1NCC(O)C1OC(C)=O)cc2,-1.61,-1.8264247,COc2ccc(CC1NCC(O)C1OC(C)=O)cc2
CCC(O)CC,-0.24,-0.46907385,CCC(O)CC
C1CNCCN1c2ncc3C(=O)C(C(=O)O)=CN(CC)c3n2,-2.98,-2.435151,C1CNCCN1c2ncc3C(=O)C(C(=O)O)=CN(CC)c3n2
c1ccc(Cl)cc1c2cc(Cl)ccc2,-5.8,-5.43017,c1ccc(Cl)cc1c2cc(Cl)ccc2
OC(CC)(CC)CC,-0.85,-1.2831114,OC(CC)(CC)CC
c1ccccc1C(C)C,-3.27,-3.2727285,c1ccccc1C(C)C
CCCCCCC=C,-4.44,-4.1356865,CCCCCCC=C
c1cc(OCC)ccc1C(=O)OCCN(CC)CC,-2.71,-2.994616,c1cc(OCC)ccc1C(=O)OCCN(CC)CC
c1cc(Cl)c(Cl)cc1c2c(Cl)c(Cl)c(Cl)cc2,-7.05,-7.5650895,c1cc(Cl)c(Cl)cc1c2c(Cl)c(Cl)c(Cl)cc2
c(c(c(c(c1)ccc2)c2)cc(c3c(c(c4)ccc5)c5)c4)(c1)c3,-8.66,-7.826225,c(c(c(c(c1)ccc2)c2)cc(c3c(c(c4)ccc5)c5)c4)(c1)c3
c1ccc(C)c(C)c1C,-3.2,-3.353751,c1ccc(C)c(C)c1C
c1ccc2cc3ccccc3c(O)c2c1,-4.73,-4.4180425,c1ccc2cc3ccccc3c(O)c2c1
OC(C(C)C)C,-0.2,-0.2088322,OC(C(C)C)C
CNC(=O)Oc1cccc(N=CN(C)C)c1,-2.34,-2.060415,CNC(=O)Oc1cccc(N=CN(C)C)c1
CC(O)(C)C(C)C,-0.41,-0.4248085,CC(O)(C)C(C)C
CCCCOc2cc(C(=O)NCCN(CC)CC)c1ccccc1n2,-3.7,-4.130471,CCCCOc2cc(C(=O)NCCN(CC)CC)c1ccccc1n2
c1cc(OCCCC)ccc1C(=O)OCCN(CC)CC,-3.84,-3.715522,c1cc(OCCCC)ccc1C(=O)OCCN(CC)CC
C=CCS(=O)SCC=C,-0.83,-2.753597,C=CCS(=O)SCC=C
CN(C)C,0.84,1.3695576,CN(C)C
O=C(Nc(ccc(c1)Br)c1)C,-3.08,-2.3696225,O=C(Nc(ccc(c1)Br)c1)C
Clc1c(Cl)c(Cl)c(Cl)c(Cl)c1c2c(Cl)c(Cl)cc(Cl)c2Cl,-10.41,-9.2900775,Clc1c(Cl)c(Cl)c(Cl)c(Cl)c1c2c(Cl)c(Cl)cc(Cl)c2Cl
C1CCCCC1O,-0.44,-0.64709635,C1CCCCC1O
CCC1(CCC(=O)NC1=O)c2ccccc2,-2.34,-2.4246745,CCC1(CCC(=O)NC1=O)c2ccccc2
O=C(O)C(O)(CC(=O)O)CC(=O)O,0.51,-0.54079635,O=C(O)C(O)(CC(=O)O)CC(=O)O
c1ccc2Sc3ccc(CC(=O)O)cc3N(C)c2c1,-3.94,-3.9919405,c1ccc2Sc3ccc(CC(=O)O)cc3N(C)c2c1
c1cc(C)cc(C)c1O,-1.19,-1.21875695,c1cc(C)cc(C)c1O
C(=C(C(=C1Cl)Cl)Cl)(C1(Cl)Cl)Cl,-5.18,-5.1784415,C(=C(C(=C1Cl)Cl)Cl)(C1(Cl)Cl)Cl
OCC(C(O)=O)c1ccccc1,-0.93,-1.1695075,OCC(C(O)=O)c1ccccc1
O=C(N)CCl,-0.02,0.13417612,O=C(N)CCl
COc1ccc2CC5C3C=CC(O)C4Oc1c2C34CCN5C,-1.52,-2.761994,COc1ccc2CC5C3C=CC(O)C4Oc1c2C34CCN5C
Cc1cc2cc3ccccc3cc2cc1,-6.96,-5.8871945,Cc1cc2cc3ccccc3cc2cc1
CCCCCCOC(=O)c1ccc(N)cc1,-3.95,-3.527998,CCCCCCOC(=O)c1ccc(N)cc1
O=C(CCCCC)C,-1.42,-1.610359,O=C(CCCCC)C
Clc1cc(Cl)c(Cl)c(Cl)c1c2c(Cl)cccc2,-7.43,-7.4857965,Clc1cc(Cl)c(Cl)c(Cl)c1c2c(Cl)cccc2
CCCCCCCN,-1.85,-1.5444302,CCCCCCCN
CCCCC(=O)CC(=O)C,-1.56,-1.19564335,CCCCC(=O)CC(=O)C
O=C(CC(C)C)C,-1.42,-0.8340157,O=C(CC(C)C)C
CCNc1nc(Cl)nc(NC(C)(C)C#N)n1,-3.15,-3.0036395,CCNc1nc(Cl)nc(NC(C)(C)C#N)n1
C1C(=O)C=C2C(C)=CC3C4CCC(C(=O)C)(OC(=O)C)C4(C)CCC3C2(C)C1,-5.35,-4.557002,C1C(=O)C=C2C(C)=CC3C4CCC(C(=O)C)(OC(=O)C)C4(C)CCC3C2(C)C1
c1cc(I)ccc1F,-3.13,-2.830629,c1cc(I)ccc1F
c1c(O)cc2ccc3C4CCC(=O)C4(C)CCc3c2c1,-5.24,-4.4721185,c1c(O)cc2ccc3C4CCC(=O)C4(C)CCc3c2c1
C1C(=O)C=C2C(C)=CC3C4CCC(C(=O)C)(C)C4(C)CCC3C2(C)C1,-5.27,-4.739672,C1C(=O)C=C2C(C)=CC3C4CCC(C(=O)C)(C)C4(C)CCC3C2(C)C1
S=P(OCC)(OCC)Oc1ccc2C(C)=C(Cl)C(=O)Oc2c1,-5.38,-5.0661025,S=P(OCC)(OCC)Oc1ccc2C(C)=C(Cl)C(=O)Oc2c1
CCOc2ccc1nc(sc1c2)S(N)(=O)=O,-3.81,-2.7756425,CCOc2ccc1nc(sc1c2)S(N)(=O)=O
C1=CC2C(N(C)C5)Cc3ccc(O)c4c3C2(C5)C(O4)C1O,-3.28,-2.101461,C1=CC2C(N(C)C5)Cc3ccc(O)c4c3C2(C5)C(O4)C1O
CCCCC1(CC)C(=O)NC(=O)NC1=O,-1.64,-2.1404205,CCCCC1(CC)C(=O)NC(=O)NC1=O
c1ccccc1F,-1.8,-1.6205465,c1ccccc1F
O(C(CCC1C2)(C2)C)C1(C)C,-1.64,-1.5155257,O(C(CCC1C2)(C2)C)C1(C)C
CC(=O)N,1.58,1.06351495,CC(=O)N
c1cc(Cl)c(Cl)cc1c2c(Cl)ccc(Cl)c2,-7.25,-6.860016,c1cc(Cl)c(Cl)cc1c2c(Cl)ccc(Cl)c2
O=C(O)C(N)Cc(cccc1)c1,-1.23,-1.3252993,O=C(O)C(N)Cc(cccc1)c1
CCCCCCCCOC(=O)N,-3.3,-2.339194,CCCCCCCCOC(=O)N
c1ccccc1CCO,-0.74,-1.2568693,c1ccccc1CCO
O=C(OCC=C)c(c(ccc1)C(=O)OCC=C)c1,-3.13,-3.9336915,O=C(OCC=C)c(c(ccc1)C(=O)OCC=C)c1
c1ccc2c(O)cc(C)nc2c1,-1.2,-1.7816615,c1ccc2c(O)cc(C)nc2c1
O=C1C=Cc2cc3ccoc3c(OC)c2O1,-3.66,-2.428289,O=C1C=Cc2cc3ccoc3c(OC)c2O1
CNC(=O)Oc1ccccc1C2OCCO2,-1.57,-1.77084,CNC(=O)Oc1ccccc1C2OCCO2
CCCCCC,-3.84,-3.2919335,CCCCCC
O=C(OC(=O)c1cccc2)c12,-1.39,-2.0477785,O=C(OC(=O)c1cccc2)c12
c1c(Cl)nc2cncnc2n1,-0.87,-1.8806035,c1c(Cl)nc2cncnc2n1
Cc1cc(C)c(NC(=O)C)cc1NS(=O)(=O)C(F)(F)F,-3.24,-3.3261205,Cc1cc(C)c(NC(=O)C)cc1NS(=O)(=O)C(F)(F)F
OC(CCCCCC)C,-2.09,-2.1465485,OC(CCCCCC)C
c(c(ccc1Cl)ccc2)(c2)c1,-4.14,-3.8150255,c(c(ccc1Cl)ccc2)(c2)c1
c1ccccc1C(O)C(O)c2ccccc2,-1.93,-3.183394,c1ccccc1C(O)C(O)c2ccccc2
OCCCCCCCCC,-3.01,-3.035406,OCCCCCCCCC
ClC=C(Cl)Cl,-1.96,-2.0630155,ClC=C(Cl)Cl
CC(Cl)CC,-1.96,-1.9133945,CC(Cl)CC
O=C(N(CC(C)C)CC(C)C)SCC,-3.68,-3.1221055,O=C(N(CC(C)C)CC(C)C)SCC
O=C(O)c(c(c(N)cc1Cl)Cl)c1,-2.47,-2.9277995,O=C(O)c(c(c(N)cc1Cl)Cl)c1
COc2cc(Cc1cnc(N)nc1N)cc(OC)c2OC,-2.86,-3.263638,COc2cc(Cc1cnc(N)nc1N)cc(OC)c2OC
c1cc(N)ccc1C(=O)OCCNCCCCC,-3.27,-3.028832,c1cc(N)ccc1C(=O)OCCNCCCCC
O=C(N(CC=C)CC=C)C(Cl)Cl,-1.62,-3.007935,O=C(N(CC=C)CC=C)C(Cl)Cl
n(c(c(ccc1)cc2)c1O)c2,-2.42,-1.1408195,n(c(c(ccc1)cc2)c1O)c2
O=C(OCC)CC(=O)OCC,-0.82,-1.0731581,O=C(OCC)CC(=O)OCC
CCNc1nc(NC(C)(C)C)nc(SC)n1,-4,-3.1001175,CCNc1nc(NC(C)(C)C)nc(SC)n1
OC1C(O)C(O)C(O)C(O)C1O,0.35,0.420090955,OC1C(O)C(O)C(O)C(O)C1O
c1c(F)cc(F)c(F)c1F,-2.31,-2.6699355,c1c(F)cc(F)c(F)c1F
O=C(O)CCl,0.93,0.299790505,O=C(O)CCl
CCCCC(O)(C)C,-1.08,-1.1805055,CCCCC(O)(C)C
c1cc(CC)ccc1CC,-3.75,-4.022955,c1cc(CC)ccc1CC
OCc(c(O)ccc1)c1,-0.29,-0.439317855,OCc(c(O)ccc1)c1
O=C(N)N(C)N=O,-0.85,-0.7308367,O=C(N)N(C)N=O
C1CCCCC1C,-3.85,-3.4819755,C1CCCCC1C
O=C(O)CCCCC(=O)O,-0.82,-0.60946215,O=C(O)CCCCC(=O)O
c(c(ccc1)ccc2)(c1c(c(c(cc3)ccc4)c45)c3)c25,-8.8,-7.466991,c(c(ccc1)ccc2)(c1c(c(c(cc3)ccc4)c45)c3)c25
N#CCC=CC,-0.96,-0.9739933,N#CCC=CC
OC(C(CCC1C)C(C)C)C1,-2.53,-2.7894935,OC(C(CCC1C)C(C)C)C1
NC(=O)OCCCCC,-1.47,-1.0839749,NC(=O)OCCCCC
O=C(N)C(=C(O)C(N(C)C)C(C1(O)C(O)=C(C2C(O)(c(c3c(O)cc4)c4)C)C3=O)C2O)C1=O,-3.14,-2.639951,O=C(N)C(=C(O)C(N(C)C)C(C1(O)C(O)=C(C2C(O)(c(c3c(O)cc4)c4)C)C3=O)C2O)C1=O
O=C(O)C(CC)CC,-0.81,-0.9112061,O=C(O)C(CC)CC
O(c(ccc(c1)C=CC)c1)C,-3.13,-2.717985,O(c(ccc(c1)C=CC)c1)C
O=C(OCCN(CC)CC)c(ccc(N)c1)c1,-1.4,-2.4708685,O=C(OCCN(CC)CC)c(ccc(N)c1)c1
O=C(Oc(cccc1C)c1)NC,-1.8,-1.8358429,O=C(Oc(cccc1C)c1)NC
ClC(Cl)=C(c1ccc(Cl)cc1)c2ccc(Cl)cc2,-6.9,-7.2612365,ClC(Cl)=C(c1ccc(Cl)cc1)c2ccc(Cl)cc2
O=C(OC(C)(C)C)N,0.1,-0.26677733,O=C(OC(C)(C)C)N
c1c(OC)c(O)c2C3(C4)CC(=O)C=CC3C(N(C)C4)Cc2c1,-1.87,-2.8526125,c1c(OC)c(O)c2C3(C4)CC(=O)C=CC3C(N(C)C4)Cc2c1
O=C(OC)C,0.52,0.53945555,O=C(OC)C
CCOP(=S)(OCC)SCSP(=S)(OCC)OCC,-5.54,-5.541306,CCOP(=S)(OCC)SCSP(=S)(OCC)OCC
CC1=C(CCCO1)C(=O)Nc2ccccc2,-2.56,-2.390272,CC1=C(CCCO1)C(=O)Nc2ccccc2
c1ccccc1CNC(=O)CN2C(N(=O)=O)=NC=C2,-2.81,-3.0543105,c1ccccc1CNC(=O)CN2C(N(=O)=O)=NC=C2
OC(c(c(c(nc1)ccc2)c2)c1)C(N(CCC3C4C=C)C4)C3,-3.07,-3.5684615,OC(c(c(c(nc1)ccc2)c2)c1)C(N(CCC3C4C=C)C4)C3
CCN(CC)C(=O)C(C)Oc1cccc2ccccc12,-3.57,-4.076724,CCN(CC)C(=O)C(C)Oc1cccc2ccccc12
CN(C)CCC=C2c1ccccc1CCc3ccccc23,-4.46,-5.442382,CN(C)CCC=C2c1ccccc1CCc3ccccc23
CC(C)CBr,-2.43,-2.19562,CC(C)CBr
BrC(Br)(Br)Br,-3.14,-3.205867,BrC(Br)(Br)Br
c1cc(Cl)ccc1c2ccc(Cl)cc2,-6.56,-5.546126,c1cc(Cl)ccc1c2ccc(Cl)cc2
OC(=O)c1ccccc1Nc2cc(C(F)(F)F)ccc2,-4.36,-4.4014235,OC(=O)c1ccccc1Nc2cc(C(F)(F)F)ccc2
CC(C)OC(=O)C(O)(c1ccc(Cl)cc1)c2ccc(Cl)cc2,-4.53,-4.7749345,CC(C)OC(=O)C(O)(c1ccc(Cl)cc1)c2ccc(Cl)cc2
c1ccc2C(O)N3CCC(O)C3=Nc2c1,-2.07,-1.8924335,c1ccc2C(O)N3CCC(O)C3=Nc2c1
Oc(c(ccc1)CC)c1,-1.36,-1.4896105,Oc(c(ccc1)CC)c1
c1cc2cc3cc(CC)ccc3cc2cc1,-6.89,-6.62289,c1cc2cc3cc(CC)ccc3cc2cc1
Oc1c(I)cc(C#N)cc1I,-3.61,-3.522644,Oc1c(I)cc(C#N)cc1I
O=C1N(c2ccccc2)N(C)C(C)=C1N,-0.62,-2.0785125,O=C1N(c2ccccc2)N(C)C(C)=C1N
c1ccc4c(c1)ccc5c2cccc3cccc(c23)c45,-8,-7.855838,c1ccc4c(c1)ccc5c2cccc3cccc(c23)c45
CCCCOCN(C(=O)CCl)c1c(CC)cccc1CC,-4.19,-4.8821805,CCCCOCN(C(=O)CCl)c1c(CC)cccc1CC
O=C(O)CCCCCCCCCC,-3.55,-3.662227,O=C(O)CCCCCCCCCC
O=C(OC)CCC,-0.82,-0.47270665,O=C(OC)CCC
c1ccccc1CN,-1.53,-0.5546269,c1ccccc1CN
COc5cc4OCC3Oc2c1CC(Oc1ccc2C(=O)C3c4cc5OC)C(C)=C,-4.42,-4.5996635,COc5cc4OCC3Oc2c1CC(Oc1ccc2C(=O)C3c4cc5OC)C(C)=C
O=C(NC(=O)C(=O)C1=O)N1,-1.25,-1.25134425,O=C(NC(=O)C(=O)C1=O)N1
c1cc(C)cc(C)n1,0.38,-0.395317755,c1cc(C)cc(C)n1
c1cc(Br)ccc1C,-3.19,-2.8921315,c1cc(Br)ccc1C
C1(=O)NC(=O)NC(C(=O)O)=C1,-1.93,-1.3961465,C1(=O)NC(=O)NC(C(=O)O)=C1
C1C(=O)C=C2CCC3C4CCC(C(=O)COC(=O)C)C4(C)CCC3C2(C)C1,-4.63,-4.8072815,C1C(=O)C=C2CCC3C4CCC(C(=O)COC(=O)C)C4(C)CCC3C2(C)C1
O=C(O)CC(N)C,1.08,0.46374045,O=C(O)CC(N)C
O=C(NS(=O)(=O)c1cccc2)c12,-1.64,-1.4705155,O=C(NS(=O)(=O)c1cccc2)c12
C=CC#N,0.15,0.216432475,C=CC#N
OCC(O)CO,1.12,1.4145435,OCC(O)CO
Cc1cccc(c1)Oc2cccc(c2)C,-4.85,-3.594345,Cc1cccc(c1)Oc2cccc(c2)C
ClC4=C(Cl)C5(Cl)C3C1CC(C2OC12)C3C4(Cl)C5(Cl)Cl,-6.18,-5.7199455,ClC4=C(Cl)C5(Cl)C3C1CC(C2OC12)C3C4(Cl)C5(Cl)Cl
C1=CC(=O)NC(=O)N1,-1.48,-0.46637955,C1=CC(=O)NC(=O)N1
NS(=O)(=O)c1c(Cl)cc2N=CNS(=O)(=O)c2c1,-3.05,-2.270755,NS(=O)(=O)c1c(Cl)cc2N=CNS(=O)(=O)c2c1
O=C(O)CCI,-0.43,-0.50222755,O=C(O)CCI
O=S(=O)(N)c(c(ccc1)C)c1,-2.02,-1.26680405,O=S(=O)(N)c(c(ccc1)C)c1
CC(C)OC(=O)Nc1cccc(Cl)c1,-3.38,-2.694716,CC(C)OC(=O)Nc1cccc(Cl)c1
Oc(ccc(N)c1)c1,-0.8,-0.43064465,Oc(ccc(N)c1)c1
O=C1C=C2CCC3C4CC5OC(C)(C)OC5(C(=O)CO)C4(C)CC(O)C3(F)C2(C)C=C1,-4.32,-3.798104,O=C1C=C2CCC3C4CC5OC(C)(C)OC5(C(=O)CO)C4(C)CC(O)C3(F)C2(C)C=C1
c12C(=O)C3=C(O)C4(O)C(=O)C=C(O)C(N(C)C)C4CC3C(O)(C)c1cccc2,-1.42,-2.5021855,c12C(=O)C3=C(O)C4(O)C(=O)C=C(O)C(N(C)C)C4CC3C(O)(C)c1cccc2
OCCC(C)C,-0.52,-0.4218802,OCCC(C)C
c1ccc(Br)c(Br)c1Br,-5.04,-4.6184425,c1ccc(Br)c(Br)c1Br
ClC2C1OC1C3C2C4(Cl)C(=C(Cl)C3(Cl)C4(Cl)Cl)Cl,-6.29,-5.796017,ClC2C1OC1C3C2C4(Cl)C(=C(Cl)C3(Cl)C4(Cl)Cl)Cl
C1CCCCN1c2nc(N)n(=O)c(N)c2,-1.98,-2.219862,C1CCCCN1c2nc(N)n(=O)c(N)c2
O=S(=O)(N)c(ccc(N)c1)c1,-1.36,-1.11654355,O=S(=O)(N)c(ccc(N)c1)c1
c1c(Cl)c(CO)c(Cl)cc1,-2.1,-2.5974965,c1c(Cl)c(CO)c(Cl)cc1
O=C(NC(CCCC1)C1)NS(=O)(=O)c(ccc(c2)C(=O)C)c2,-2.06,-3.2629,O=C(NC(CCCC1)C1)NS(=O)(=O)c(ccc(c2)C(=O)C)c2
C=CC=C,-1.87,-1.40001745,C=CC=C
O(c(c(O)ccc1)c1)C,-1.96,-0.83339885,O(c(c(O)ccc1)c1)C
O=N(=O)OCC(ON(=O)=O)CON(=O)=O,-2.22,-3.031107,O=N(=O)OCC(ON(=O)=O)CON(=O)=O
O=C(Nc(ccc(c1)I)c1)C,-3.25,-2.444402,O=C(Nc(ccc(c1)I)c1)C
c1cc2N3C(C)=NN=C3CN=C(c4c(Cl)cccc4)c2cc1Cl,-4.08,-5.076109,c1cc2N3C(C)=NN=C3CN=C(c4c(Cl)cccc4)c2cc1Cl
O=C(OCc(cccc1)c1)c(c(ccc2)C(=O)OCCCC)c2,-5.64,-4.901363,O=C(OCc(cccc1)c1)c(c(ccc2)C(=O)OCCCC)c2
O=C(CCCC1C)C1,-1.87,-1.26798815,O=C(CCCC1C)C1
Clc1c(Cl)cc(Cl)c(Cl)c1c2c(Cl)ccc(Cl)c2,-7.42,-7.973336,Clc1c(Cl)cc(Cl)c(Cl)c1c2c(Cl)ccc(Cl)c2
O(C(C(O)C(O)C1O)CO)C1Oc(c(ccc2)CO)c2,-0.85,-1.26486085,O(C(C(O)C(O)C1O)CO)C1Oc(c(ccc2)CO)c2
O=P(OCC)(OCC)OCC,0.43,-1.5148554,O=P(OCC)(OCC)OCC
CN1C2CC(CC1C3OC23)OC(=O)C(CO)c4ccccc4,-0.48,-2.114261,CN1C2CC(CC1C3OC23)OC(=O)C(CO)c4ccccc4
O=C(O)C(Oc(c(cc(c1)Cl)Cl)c1)C,-2.45,-3.016209,O=C(O)C(Oc(c(cc(c1)Cl)Cl)c1)C
O=N(=O)c(ccc(O)c1)c1,-0.74,-1.8079875,O=N(=O)c(ccc(O)c1)c1
S(c(cccc1)c1)C,-2.39,-2.237036,S(c(cccc1)c1)C
s1cccc1,-1.45,-1.19894545,s1cccc1
O=C(CCCCCC)C,-2.05,-2.210586,O=C(CCCCCC)C
n(cccc1C(N(CC2)C)C2)c1,0.79,-0.854228,n(cccc1C(N(CC2)C)C2)c1
O=C(c(ccc(N)c1)c1)C,-1.61,-1.2796821,O=C(c(ccc(N)c1)c1)C
O=C(Oc(cccc1)c1)c(c(O)ccc2)c2,-3.15,-3.186744,O=C(Oc(cccc1)c1)c(c(O)ccc2)c2
CCCCCCCC=C,-5.05,-4.8263585,CCCCCCCC=C
O=C(N)N(CC)N=O,-0.96,-0.98315615,O=C(N)N(CC)N=O
O=C(OCCCC)N,-0.66,-0.73038615,O=C(OCCCC)N
O=C1NC(=S)NC(=O)C1(CC)C(C)CCC,-3.36,-3.6248265,O=C1NC(=S)NC(=O)C1(CC)C(C)CCC
c1c(OC)cc2c(CC(=O)O)c(C)n(C(=O)C=Cc3ccccc3)c2c1,-5.54,-4.3701145,c1c(OC)cc2c(CC(=O)O)c(C)n(C(=O)C=Cc3ccccc3)c2c1
Clc1c(Cl)cc(Cl)cc1c2c(Cl)cc(Cl)cc2Cl,-8.71,-7.70433,Clc1c(Cl)cc(Cl)cc1c2c(Cl)cc(Cl)cc2Cl
c1ccc2cccc3c2c1CC3,-4.63,-4.5272935,c1ccc2cccc3c2c1CC3
O=C(O)c(cccc1N(=O)=O)c1,-1.68,-2.200511,O=C(O)c(cccc1N(=O)=O)c1
CCOC=C,-0.85,0.011627448,CCOC=C
O=C(O)C(c(ccc(c1)CC(C)C)c1)C,-3.99,-3.280115,O=C(O)C(c(ccc(c1)CC(C)C)c1)C
ClC(Cl)C(Cl)(Cl)SN2C(=O)C1CC=CCC1C2=O,-5.4,-5.112832,ClC(Cl)C(Cl)(Cl)SN2C(=O)C1CC=CCC1C2=O
CN(C)C2C1CC4C(=C(O)C1(O)C(=O)C(=C2O)C(N)=O)C(=O)c3c(O)cccc3C4(C)O,-3.12,-2.8937435,CN(C)C2C1CC4C(=C(O)C1(O)C(=O)C(=C2O)C(N)=O)C(=O)c3c(O)cccc3C4(C)O
O=C(Nc(c(O)ccc1)c1)C,-2.24,-1.2313445,O=C(Nc(c(O)ccc1)c1)C
O=CCCCCCCC,-2.36,-2.4891645,O=CCCCCCCC
O=C(OCCC)C,-0.72,-0.37285455,O=C(OCCC)C
CCCC#C,-1.64,-1.9170145,CCCC#C
Cc1ccc(cc1)S(=O)(=O)NC(=O)NN2CCCCCC2,-3.68,-3.3276085,Cc1ccc(cc1)S(=O)(=O)NC(=O)NN2CCCCCC2
CC(C)(C)C(O)CC,-1.15,-1.3436973,CC(C)(C)C(O)CC
n(cccc1CO)c1,0.96,0.032329594,n(cccc1CO)c1
CC3C2C(O)C1C(N(C)C)C(=C(C(N)=O)C(=O)C1(O)C(=C2C(=O)c4c(O)cccc34)O)O,-2.87,-2.8974255,CC3C2C(O)C1C(N(C)C)C(=C(C(N)=O)C(=O)C1(O)C(=C2C(=O)c4c(O)cccc34)O)O
c1ccccc1NC(=O)NN,-2.33,-1.643273,c1ccccc1NC(=O)NN
O=C(ON=C(C(C)(C)C)CSC)NC,-1.62,-2.16778325,O=C(ON=C(C(C)(C)C)CSC)NC
c1ccc(Br)cc1C,-3.52,-2.848435,c1ccc(Br)cc1C
CCCCCCCOC(=O)c1ccc(N)cc1,-4.6,-4.0501915,CCCCCCCOC(=O)c1ccc(N)cc1
O=C(O)Cc(cccc1)c1,-0.89,-1.16405615,O=C(O)Cc(cccc1)c1
c1ccccc1Oc2ccccc2,-3.96,-3.028768,c1ccccc1Oc2ccccc2
O=N(=O)c(cccc1O)c1,-1.01,-1.6512325,O=N(=O)c(cccc1O)c1
CC(=O)N=C1N(C)N=C(S(=O)(=O)N)S1,-1.83,-2.70388,CC(=O)N=C1N(C)N=C(S(=O)(=O)N)S1
c1cnc2cnc(C)nc2n1,-0.47,-0.9672686,c1cnc2cnc(C)nc2n1
c1ccccc1N(CC)CC,-3.03,-1.737797,c1ccccc1N(CC)CC
O=C(OCC1)C1,1.07,0.283059655,O=C(OCC1)C1
CC(=O)C(CCC)C(=O)C,-0.88,-1.0592685,CC(=O)C(CCC)C(=O)C
c1ccc2Sc3ccccc3N(CCCN(C)C)c2c1,-4.3,-3.724967,c1ccc2Sc3ccccc3N(CCCN(C)C)c2c1
O=C(c(c(C(=O)c1c(O)c(O)cc2)ccc3)c3)c12,-2.78,-3.3266575,O=C(c(c(C(=O)c1c(O)c(O)cc2)ccc3)c3)c12
NNC(=O)c1ccncc1,0.01,-1.05273125,NNC(=O)c1ccncc1
O=P(Oc1ccc(O)cc1C)(Oc2cc(O)ccc2C)Oc3c(O)cccc3C,-6.7,-4.2634885,O=P(Oc1ccc(O)cc1C)(Oc2cc(O)ccc2C)Oc3c(O)cccc3C
COCOC,0.48,0.7569506,COCOC
O=S(=O)(N)c(c(cc(NCNS1(=O)=O)c12)Cl)c2,-2.62,-2.3112695,O=S(=O)(N)c(c(cc(NCNS1(=O)=O)c12)Cl)c2
CCOCCC,-0.66,-0.375084125,CCOCCC
c1c(Cl)c(Cl)c2nsnc2c1Cl,-4.98,-3.442339,c1c(Cl)c(Cl)c2nsnc2c1Cl
c(c(c(c(c1)ccc2)c2)c(c(c3ccc4)c4)C)(c3C)c1,-7.02,-7.2406575,c(c(c(c(c1)ccc2)c2)c(c(c3ccc4)c4)C)(c3C)c1
BrCCCBr,-2.08,-2.285072,BrCCCBr
n(c(c(ncn1)c1n2)N)c2,-2.12,-1.4293783,n(c(c(ncn1)c1n2)N)c2
O=C1NCCN1c2ncc(s2)N(=O)=O,-3.22,-2.7819995,O=C1NCCN1c2ncc(s2)N(=O)=O
CCC(O)(C)CCC,-1,-1.14951875,CCC(O)(C)CCC
O=C(OCC(C)C)N,-0.3,-0.4696003,O=C(OCC(C)C)N
O=C(Nc(ccc(c1)C=O)c1)C,-1.58,-1.4108646,O=C(Nc(ccc(c1)C=O)c1)C
CCCCC=CC,-3.82,-3.470636,CCCCC=CC
CN(C)CCC=C2c1ccccc1COc3ccccc23,-3.4,-4.4843285,CN(C)CCC=C2c1ccccc1COc3ccccc23
CC(=O)O,1.22,1.15035585,CC(=O)O
c1ccccc1I,-2.78,-3.0032485,c1ccccc1I
COCC(=O)N(C(C)C(=O)OC)c1c(C)cccc1C,-1.6,-2.8313345,COCC(=O)N(C(C)C(=O)OC)c1c(C)cccc1C
O=CC=C(CCC=C(C)C)C,-2.06,-2.811939,O=CC=C(CCC=C(C)C)C
CNN,1.34,1.25874025,CNN
O=C(N)c(cccc1)c1,-0.96,-1.1913991,O=C(N)c(cccc1)c1
O=C(Nc(cccc1C)c1)C,-2.09,-1.697231,O=C(Nc(cccc1C)c1)C
CCCC(O)CCC,-1.4,-1.537605,CCCC(O)CCC
CC(O)C(C)CC,-0.72,-0.77241665,CC(O)C(C)CC
O[Sn](C1CCCCC1)(C2CCCCC2)C3CCCCC3,-5.59,-5.9229485,O[Sn](C1CCCCC1)(C2CCCCC2)C3CCCCC3
O=C1N=CN=CC1,0.59,-0.186715675,O=C1N=CN=CC1
O=C(OC)c(ccc(O)c1)c1,-1.78,-1.4368815,O=C(OC)c(ccc(O)c1)c1
OC(c(cccc1)c1)CN,-0.48,-0.258705852,OC(c(cccc1)c1)CN
COP(=S)(OC)SCN2C(=O)c1ccccc1C2=O,-4.1,-3.976287,COP(=S)(OC)SCN2C(=O)c1ccccc1C2=O
Nc(ccc(c1)Cc(ccc(N)c2)c2)c1,-2.3,-3.241679,Nc(ccc(c1)Cc(ccc(N)c2)c2)c1
c1c(C)cc(C)cn1,0.38,-0.31039794,c1c(C)cc(C)cn1
C1CCCCC1Br,-2.3,-3.4188655,C1CCCCC1Br
ClCCCCl,-1.62,-1.742565,ClCCCCl
CC(=O)Oc1c(N(=O)(=O))c(C)c(N(=O)(=O))cc1C(C)(C)C,-4.47,-3.5744035,CC(=O)Oc1c(N(=O)(=O))c(C)c(N(=O)(=O))cc1C(C)(C)C
Clc1cc(Cl)c(Cl)cc1c2c(Cl)c(Cl)ccc2Cl,-8.65,-7.949693,Clc1cc(Cl)c(Cl)cc1c2c(Cl)c(Cl)ccc2Cl
CCCCCl,-2.03,-2.055393,CCCCCl
O=C(OCC)C=C,-0.74,-0.6540424,O=C(OCC)C=C
NC(=NC(#N))N,-0.31,-0.72022625,NC(=NC(#N))N
OC3N=C(c1ccccc1Cl)c2cc(Cl)ccc2NC3=O,-3.6,-4.357993,OC3N=C(c1ccccc1Cl)c2cc(Cl)ccc2NC3=O
Oc(c(c(cc1)C)C)c1,-1.43,-1.1823116,Oc(c(c(cc1)C)C)c1
CC(O)CCCC,-0.89,-0.89014655,CC(O)CCCC
ClC(Br)Cl,-1.54,-1.471744,ClC(Br)Cl
ClCC#CCOC(=O)Nc1cccc(Cl)c1,-4.37,-4.2412915,ClCC#CCOC(=O)Nc1cccc(Cl)c1
Clc1cc(N(=O)(=O))ccc1NC(=O)c2cc(Cl)ccc2O,-4.7,-4.281924,Clc1cc(N(=O)(=O))ccc1NC(=O)c2cc(Cl)ccc2O
CC(C)OP(=S)(OC(C)C)SCCNS(=O)(=O)c1ccccc1,-4.2,-4.2529915,CC(C)OP(=S)(OC(C)C)SCCNS(=O)(=O)c1ccccc1
O=C(CCCC)C,-0.8,-1.0968807,O=C(CCCC)C
O=C(N(C(C1=O)(C)C)Cl)N1Cl,-2.6,-1.33173535,O=C(N(C(C1=O)(C)C)Cl)N1Cl
O(CCCC1)C1,-0.03,-0.257991185,O(CCCC1)C1
CCOC(=O)C1(CCN(C)CC1)c2ccccc2,-1.89,-1.9730565,CCOC(=O)C1(CCN(C)CC1)c2ccccc2
O=C(Nc(cccc1)c1)C,-1.33,-1.1667055,O=C(Nc(cccc1)c1)C
O=C(Nc(c(N(=O)=O)ccc1)c1)C,-1.91,-2.2644545,O=C(Nc(c(N(=O)=O)ccc1)c1)C
c1ccccc1c2c(F)cc(C(C)C(=O)O)cc2,-4.49,-4.45072,c1ccccc1c2c(F)cc(C(C)C(=O)O)cc2
C1CCCCCC1,-3.52,-3.755729,C1CCCCCC1
O=C(OC)C=C,-0.22,-0.21673655,O=C(OC)C=C
c1ccc2nc3cccc(N)c3cc2c1,-4.22,-3.584903,c1ccc2nc3cccc(N)c3cc2c1
C1=CC(=O)C=C2CCC3C4CC(C)C(O)(C(=O)CO)C4(C)CC(O)C3(F)C12C,-3.77,-3.5002685,C1=CC(=O)C=C2CCC3C4CC(C)C(O)(C(=O)CO)C4(C)CC(O)C3(F)C12C
O=S(=O)(c(ccc(N)c1)c1)c(ccc(N)c2)c2,-2.82,-2.878585,O=S(=O)(c(ccc(N)c1)c1)c(ccc(N)c2)c2
CCCCN(C)C(=O)Nc1ccc(Cl)c(Cl)c1,-4.77,-4.2307285,CCCCN(C)C(=O)Nc1ccc(Cl)c(Cl)c1
CCCCCCBr,-3.81,-3.694791,CCCCCCBr
c1cc(Cl)c(Cl)cc1c2c(Cl)cc(Cl)cc2,-7.8,-6.6520625,c1cc(Cl)c(Cl)cc1c2c(Cl)cc(Cl)cc2
O=C(NCC(=O)O)CCC(C(C(C(C(C(C(C(C1)CC(O)C2)(C2)C)C3)C1O)C4)(C3O)C)C4)C,-5.15,-3.5767075,O=C(NCC(=O)O)CCC(C(C(C(C(C(C(C(C1)CC(O)C2)(C2)C)C3)C1O)C4)(C3O)C)C4)C
CC(=O)Nc1ccc(OCC)cc1,-2.37,-1.9385115,CC(=O)Nc1ccc(OCC)cc1
O=C(Nc(ccc(c1)OC)c1)C,-1.3,-1.31134645,O=C(Nc(ccc(c1)OC)c1)C
n(c(c(ccc1)cc2cccc3)c1)c23,-3.67,-3.734529,n(c(c(ccc1)cc2cccc3)c1)c23
c1cc(N)ccc1N,-0.38,-0.372486907,c1cc(N)ccc1N
c1cc(NC(=O)C)ccc1S(=O)(=O)N,-1.61,-1.9982865,c1cc(NC(=O)C)ccc1S(=O)(=O)N
CC1CCCCC1NC(=O)Nc2ccccc2,-4.11,-3.5117065,CC1CCCCC1NC(=O)Nc2ccccc2
O(CCN(C1)C)C1,1,1.1437166,O(CCN(C1)C)C1
CN4CCN(CCCN2c1ccccc1Sc3ccc(cc23)C(F)(F)F)CC4,-4.52,-4.5333175,CN4CCN(CCCN2c1ccccc1Sc3ccc(cc23)C(F)(F)F)CC4
c1c(Cl)c(Cl)cc(O)c1OC,-2.53,-2.172807,c1c(Cl)c(Cl)cc(O)c1OC
O=N(=O)c(c(OC)ccc1)c1,-1.96,-2.155155,O=N(=O)c(c(OC)ccc1)c1
CC(C)N(C(C)C)C(=O)SCC(Cl)=C(Cl)Cl,-4.88,-4.3043105,CC(C)N(C(C)C)C(=O)SCC(Cl)=C(Cl)Cl
c1cc(C)c2ccccc2c1C,-4.14,-4.5442995,c1cc(C)c2ccccc2c1C
OCC(CCC)C,-1.11,-0.9561526,OCC(CCC)C
CC(C)CCl,-2,-1.8553555,CC(C)CCl
ClCCOCCCl,-1.12,-1.1320079,ClCCOCCCl
c1c(Cl)c(Cl)cc(Cl)c1c2c(Cl)cc(Cl)c(Cl)c2,-8.56,-8.021123,c1c(Cl)c(Cl)cc(Cl)c1c2c(Cl)cc(Cl)c(Cl)c2
c1cc(Cl)ccc1S(=O)(=O)NC(=O)NCCC,-3.03,-3.388199,c1cc(Cl)ccc1S(=O)(=O)NC(=O)NCCC
c1cc2OC(=O)C=Cc2cc1,-1.89,-2.229821,c1cc2OC(=O)C=Cc2cc1
c1ccccc1Cc2ccccc2,-4.17,-4.7207835,c1ccccc1Cc2ccccc2
O=C(NC(C(O)c(ccc(N(=O)=O)c1)c1)CO)C(Cl)Cl,-2.11,-3.1369725,O=C(NC(C(O)c(ccc(N(=O)=O)c1)c1)CO)C(Cl)Cl
ClC(Cl)(Cl)C(Cl)(Cl)Cl,-3.67,-4.0345555,ClC(Cl)(Cl)C(Cl)(Cl)Cl
c1cc(Br)ccc1Br,-4.07,-3.5638,c1cc(Br)ccc1Br
Oc(cccc1)c1,0,-0.4158175,Oc(cccc1)c1
Cc1ccc2ccccc2c1,-3.77,-4.192221,Cc1ccc2ccccc2c1
OC(CC)(CC)C,-0.38,-0.53772365,OC(CC)(CC)C
N(c(c(c(ccc1)cc2)c1)c2)=C=S,-4.6,-4.023764,N(c(c(c(ccc1)cc2)c1)c2)=C=S
n(c(O)cc(n1)C)c1S,-2.43,-1.9800565,n(c(O)cc(n1)C)c1S
OC(c(cccc1)c1)c(cccc2)c2,-2.55,-3.2617325,OC(c(cccc1)c1)c(cccc2)c2
Cc1c(C)cc2N=C3C(=O)NC(=O)N=C3N(CC(O)C(O)C(O)CO)c2c1,-3.68,-3.0003585,Cc1c(C)cc2N=C3C(=O)NC(=O)N=C3N(CC(O)C(O)C(O)CO)c2c1
O=C(OCC(C)C)c(c(ccc1)C(=O)OCC(C)C)c1,-4.66,-4.076948,O=C(OCC(C)C)c(c(ccc1)C(=O)OCC(C)C)c1
CC(C)N(C(=O)CCl)c1ccccc1,-2.48,-2.5138305,CC(C)N(C(=O)CCl)c1ccccc1
O=C(N(CCCC1)C1)C=CC=Cc(ccc(OCO2)c23)c3,-3.46,-3.8972265,O=C(N(CCCC1)C1)C=CC=Cc(ccc(OCO2)c23)c3
o2c1ccccc1oc3ccccc23,-5.31,-3.5307295,o2c1ccccc1oc3ccccc23
CN(C)C(=O)Nc1cccc(OC(=O)NC(C)(C)C)c1,-2.93,-2.7123715,CN(C)C(=O)Nc1cccc(OC(=O)NC(C)(C)C)c1
C1C(O)CC2CCC3C4CCC(=O)C4(C)CCC3C2(C)C1,-4.4,-4.099542,C1C(O)CC2CCC3C4CCC(=O)C4(C)CCC3C2(C)C1
Oc(ccc(c1)C(c(ccc(O)c2)c2)(C)C)c1,-2.82,-3.7573985,Oc(ccc(c1)C(c(ccc(O)c2)c2)(C)C)c1
O=Cc(ccc(O)c1)c1,-0.96,-0.95171445,O=Cc(ccc(O)c1)c1
O=C(OC)CCCCCCCCCCC,-4.69,-4.3678055,O=C(OC)CCCCCCCCCCC
c1cc(N)ccc1S(=O)(=O)Nc2nnc(C(C)(C)C)s2,-3.74,-3.460853,c1cc(N)ccc1S(=O)(=O)Nc2nnc(C(C)(C)C)s2
CCN(CC)CCNC(=O)c1cc(Cl)c(N)cc1OC,-3.18,-2.3451815,CCN(CC)CCNC(=O)c1cc(Cl)c(N)cc1OC
O=C(c(cccc1)c1)C,-1.28,-1.447095,O=C(c(cccc1)c1)C
O=S(=O)(Nc(nc(cc1C)C)n1)c(ccc(N)c2)c2,-2.27,-2.9424815,O=S(=O)(Nc(nc(cc1C)C)n1)c(ccc(N)c2)c2
CC(O)CCC(C)C,-1.38,-1.26372,CC(O)CCC(C)C
O=C(OC)c(cc(O)c(O)c1O)c1,-1.24,-1.1066045,O=C(OC)c(cc(O)c(O)c1O)c1
CC(=O)OCC(=O)C3(O)CCC4C2CCC1=CC(=O)CCC1(C)C2C(=O)CC34C,-4,-3.804708,CC(=O)OCC(=O)C3(O)CCC4C2CCC1=CC(=O)CCC1(C)C2C(=O)CC34C
O=C(OC)CCCCCCCCC,-4.63,-3.507737,O=C(OC)CCCCCCCCC
c1c(Cl)cc(Cl)c(Cl)c1Cl,-4.63,-4.713466,c1c(Cl)cc(Cl)c(Cl)c1Cl
Oc(c(ccc1)C)c1C,-1.31,-1.35161675,Oc(c(ccc1)C)c1C
c1ccccn1,0.76,0.45690476,c1ccccn1
O=N(=O)c(c(ccc1)C)c1,-2.33,-2.026162,O=N(=O)c(c(ccc1)C)c1
OC2(CCN(CCCC(=O)c1ccc(F)cc1)CC2)c3ccc(Cl)cc3,-4.43,-4.7529335,OC2(CCN(CCCC(=O)c1ccc(F)cc1)CC2)c3ccc(Cl)cc3
c1cnc2cnc(S)nc2n1,-2.77,-1.8255665,c1cnc2cnc(S)nc2n1
O=C(O)COc(c(cc(c1)Cl)C)c1,-2.23,-2.070093,O=C(O)COc(c(cc(c1)Cl)C)c1
c1c(CC3)c2c(C3)ccc(CC4)c2c(C4)c1,-5.96,-6.6534125,c1c(CC3)c2c(C3)ccc(CC4)c2c(C4)c1
C1C(C)C(C)CCC1,-4.33,-3.7645735,C1C(C)C(C)CCC1
c1c(Cl)c(Cl)cc(Cl)c1O,-2.21,-3.1108295,c1c(Cl)c(Cl)cc(Cl)c1O
c1c(N(=O)(=O))cc2C(c3ccccc3)=NCC(=O)N(C)c2c1,-3.8,-3.650837,c1c(N(=O)(=O))cc2C(c3ccccc3)=NCC(=O)N(C)c2c1
O=C(O)C(C(C(C(=O)O)C1)(C)C)(C1)C,-1.42,-1.2562728,O=C(O)C(C(C(C(=O)O)C1)(C)C)(C1)C
CC(Cl)C,-1.41,-1.414881,CC(Cl)C
c1ccc(Cl)c(Cl)c1Cl,-4,-3.9407575,c1ccc(Cl)c(Cl)c1Cl
O=C(NC1C2C3CCCC3C(C1)C2)N(C)C,-3.01,-1.70543125,O=C(NC1C2C3CCCC3C(C1)C2)N(C)C
O=C(O)CCCCCCCCCCC,-4.62,-3.9462195,O=C(O)CCCCCCCCCCC
OCCCCCCCCCCCCCCCC,-7.26,-6.6040265,OCCCCCCCCCCCCCCCC
O=C(O)C(Oc(c(cc(c1)Cl)C)c1)C,-2.55,-2.5058645,O=C(O)C(Oc(c(cc(c1)Cl)C)c1)C
ClC(Cl)(Cl)C(NC=O)N1CCN(CC1)C(NC=O)C(Cl)(Cl)Cl,-4.19,-3.666863,ClC(Cl)(Cl)C(NC=O)N1CCN(CC1)C(NC=O)C(Cl)(Cl)Cl
CCCCOCCCC,-1.85,-2.2296585,CCCCOCCCC
O=C1C=C2C(Cl)=CC3C4CCC(C(=O)C)(OC(=O)C)C4(C)CCC3C2(C)C=C1,-4.95,-5.4139135,O=C1C=C2C(Cl)=CC3C4CCC(C(=O)C)(OC(=O)C)C4(C)CCC3C2(C)C=C1
CCCCCBr,-3.07,-3.072791,CCCCCBr
O=C(O)CCCCCCCCC=C,-3.4,-3.461963,O=C(O)CCCCCCCCC=C
CCCCCCCI,-4.81,-4.7012035,CCCCCCCI
CN(C)C(=O)Nc1cccc(OC(=O)NC(C)(C)C)c1,-2.93,-2.8445365,CN(C)C(=O)Nc1cccc(OC(=O)NC(C)(C)C)c1
O=N(=O)c(ccc(c1)C)c1,-2.49,-2.0786705,O=N(=O)c(ccc(c1)C)c1
Oc(ccc(c(cccc1)c1)c2)c2,-3.48,-3.094414,Oc(ccc(c(cccc1)c1)c2)c2
CC(C)=CC3C(C(=O)OCc2cccc(Oc1ccccc1)c2)C3(C)C,-5.24,-5.7264565,CC(C)=CC3C(C(=O)OCc2cccc(Oc1ccccc1)c2)C3(C)C
c1cc(Cl)cc(Cl)c1c2c(Cl)ccc(Cl)c2,-6.57,-6.7718115,c1cc(Cl)cc(Cl)c1c2c(Cl)ccc(Cl)c2
ClC(Br)Br,-1.9,-1.6457675,ClC(Br)Br
O=P(SCCCC)(SCCCC)SCCCC,-5.14,-6.737698,O=P(SCCCC)(SCCCC)SCCCC
O(C(OC(C1O)C(O)CO)C1O2)C2C(Cl)(Cl)Cl,-1.84,-1.6880438,O(C(OC(C1O)C(O)CO)C1O2)C2C(Cl)(Cl)Cl
O1C(C)C(O)C(N)C(O)C1OC2C=CC=CC=CC=CCC(C)OC(=O)C=CC(O3)C3CC(O)CC4(O)OC(C(C(=O)O)C(O)C4)C2,-3.21,-3.49277,O1C(C)C(O)C(N)C(O)C1OC2C=CC=CC=CC=CCC(C)OC(=O)C=CC(O3)C3CC(O)CC4(O)OC(C(C(=O)O)C(O)C4)C2
O=C(O)CCCCC,-1.06,-1.0228935,O=C(O)CCCCC
c1c(Cl)c(Cl)c(Cl)c(Cl)c1c2c(Cl)c(Cl)c(Cl)c(Cl)c2,-9.16,-9.205661,c1c(Cl)c(Cl)c(Cl)c(Cl)c1c2c(Cl)c(Cl)c(Cl)c(Cl)c2
N1CCCCC1CC(=O)C,-0.45,-0.35161817,N1CCCCC1CC(=O)C
c1c(Cl)ccc(Cl)c1c2c(Cl)ccc(Cl)c2,-7,-6.7661545,c1c(Cl)ccc(Cl)c1c2c(Cl)ccc(Cl)c2
CCCNCCC,-0.46,-0.346671385,CCCNCCC
COc2ccc(Oc1ccc(NC(=O)N(C)C)cc1)cc2,-4.16,-3.2568585,COc2ccc(Oc1ccc(NC(=O)N(C)C)cc1)cc2
c1ccccc1c2ccc(C(=O)CCC(=O)O)cc2,-5.06,-4.1069365,c1ccccc1c2ccc(C(=O)CCC(=O)O)cc2
Cc1ncc(N(=O)=O)n1CCO,-1.26,-1.5847765,Cc1ncc(N(=O)=O)n1CCO
O=S(=O)(Nc(onc1C)c1C)c(ccc(N)c2)c2,-2.91,-2.5264325,O=S(=O)(Nc(onc1C)c1C)c(ccc(N)c2)c2
OC(CC(C)C)C,-0.8,-0.73555725,OC(CC(C)C)C
OCC(CC)CC,-1.17,-0.9257643,OCC(CC)CC
CNCCCN2c1ccccc1CCc3ccccc23,-3.66,-3.8528475,CNCCCN2c1ccccc1CCc3ccccc23
OC(c(cccc1)c1)C(NC)C,-0.42,-0.8769567,OC(c(cccc1)c1)C(NC)C
C1CCCC1C,-3.3,-2.847286,C1CCCC1C
C1C(=O)C=C2CCC3C4CCC(=O)C4(C)CC(=O)C3C2(C)C1,-3.48,-3.768438,C1C(=O)C=C2CCC3C4CCC(=O)C4(C)CC(=O)C3C2(C)C1
n(cc(c(n1)O)C)c1S,-2.45,-1.5661725,n(cc(c(n1)O)C)c1S
C1=CSC(CC)=C1,-2.59,-2.156823,C1=CSC(CC)=C1
c(c(c(c(c1ccc2)c2)C)ccc3)(c3)c1,-5.89,-5.530694,c(c(c(c(c1ccc2)c2)C)ccc3)(c3)c1
O=C(OC(CC(N(C1C2)C)C2)C1)C(c(cccc3)c3)CO,-1.91,-2.351317,O=C(OC(CC(N(C1C2)C)C2)C1)C(c(cccc3)c3)CO
NC(=O)OCC(C)(C)C,-0.8,-0.71184995,NC(=O)OCC(C)(C)C
Nc(c(cc(c(ccc(N)c1Cl)c1)c2)Cl)c2,-4.92,-4.6073205,Nc(c(cc(c(ccc(N)c1Cl)c1)c2)Cl)c2
c1ccc(C)cc1N,-0.85,-1.01106675,c1ccc(C)cc1N
OCC1C(O)C(O)C(O)C(O)O1,0.74,0.25464009,OCC1C(O)C(O)C(O)C(O)O1
CN(C)C=Nc1ccc(Cl)cc1C,-2.86,-2.1749465,CN(C)C=Nc1ccc(Cl)cc1C
O=C1NCCN1C(=O)NCC(C)C,-2.15,-1.498706,O=C1NCCN1C(=O)NCC(C)C
CCOCCOCC,-0.77,0.012658165,CCOCCOCC
c1ccccc1Nc2ccccc2,-3.51,-3.13329,c1ccccc1Nc2ccccc2
c1ccccc1CCCCC,-4.64,-4.6365645,c1ccccc1CCCCC
CN2C(=O)ON(c1ccc(Cl)c(Cl)c1)C2=O,-2.82,-3.1866325,CN2C(=O)ON(c1ccc(Cl)c(Cl)c1)C2=O
c1ccccc1c2c(Cl)cccc2,-4.54,-4.719554,c1ccccc1c2c(Cl)cccc2
Cc1ccc2cc(C)ccc2c1,-4.89,-4.8562275,Cc1ccc2cc(C)ccc2c1
CN2C(=O)NC(=O)C(C)(C1=CCCCC1)C2=O,-2.74,-1.9198005,CN2C(=O)NC(=O)C(C)(C1=CCCCC1)C2=O
C1C(O)CC2=CCC3C4CCC(=O)C4(C)CCC3C2(C)C1,-4.12,-4.1079405,C1C(O)CC2=CCC3C4CCC(=O)C4(C)CCC3C2(C)C1
CN(C)C(=O)Nc2ccc(Oc1ccc(Cl)cc1)cc2,-4.89,-3.943893,CN(C)C(=O)Nc2ccc(Oc1ccc(Cl)cc1)cc2
CC(C)(C)C(=O)C(Oc1ccc(Cl)cc1)n2cncn2,-3.61,-3.355061,CC(C)(C)C(=O)C(Oc1ccc(Cl)cc1)n2cncn2
O=C(O)c(cc(O)c(O)c1O)c1,-1.16,-0.81434695,O=C(O)c(cc(O)c(O)c1O)c1
CN(C)C(=O)C(c1ccccc1)c2ccccc2,-2.98,-3.6265425,CN(C)C(=O)C(c1ccccc1)c2ccccc2
O=C(N(OC)C)Nc(ccc(c1Cl)Cl)c1,-3.52,-3.2593745,O=C(N(OC)C)Nc(ccc(c1Cl)Cl)c1
CCCCCCCl,-3.12,-3.4751085,CCCCCCCl
C1C(CCC)CCC1,-4.74,-4.124203,C1C(CCC)CCC1
O=C(C(Cc1cc(c(c(c1)I)O)I)N)O,-2.86,-3.0287285,O=C(C(Cc1cc(c(c(c1)I)O)I)N)O
O=C1NC(=S)NC(=O)C1(CC=C)C(C)CCC,-3.46,-3.8374385,O=C1NC(=S)NC(=O)C1(CC=C)C(C)CCC
NC(=S)Nc(cccc1)c1,-1.77,-2.190465,NC(=S)Nc(cccc1)c1
c1c(F)c(F)cc(F)c1F,-2.38,-2.5059,c1c(F)c(F)cc(F)c1F
c1cc(C)ccc1C(C)C,-3.77,-3.832085,c1cc(C)ccc1C(C)C
N(CSC(N1C)=S)(C1)C,-2.13,-0.35414539,N(CSC(N1C)=S)(C1)C
c1cc(Cl)ccc1c2c(Cl)c(Cl)ccc2,-6.26,-6.141586,c1cc(Cl)ccc1c2c(Cl)c(Cl)ccc2
O=C(O)CCCCCCCCCCCCCCCCC,-5.68,-6.2770965,O=C(O)CCCCCCCCCCCCCCCCC
O=C(N)c(c(ccc1)C(=O)N)c1,-2.92,-1.6088925,O=C(N)c(c(ccc1)C(=O)N)c1
C1CN(CCC2=CC=CS2)CCC1(COC)N(C(=O)CC)c3ccccc3,-3.71,-4.333902,C1CN(CCC2=CC=CS2)CCC1(COC)N(C(=O)CC)c3ccccc3
C1C(O)CC2CC(O)C3C4CCC(C(C)CCC(=O)O)C4(C)CCC3C2(C)C1,-3.82,-4.4409725,C1C(O)CC2CC(O)C3C4CCC(C(C)CCC(=O)O)C4(C)CCC3C2(C)C1
c1ccc2c3cc4ccccc4cc3Cc2c1,-8.04,-6.5828255,c1ccc2c3cc4ccccc4cc3Cc2c1
c1ccc(C)cc1C,-2.82,-2.780521,c1ccc(C)cc1C
O=S(=O)(N)c(ccc(c1)C)c1,-1.74,-1.3190441,O=S(=O)(N)c(ccc(c1)C)c1
CCC(C)CO,-0.47,-0.16313963,CCC(C)CO
c(c(c(cc1)ccc2)c2cc3)(c1ccc4)c34,-6.19,-6.323895,c(c(c(cc1)ccc2)c2cc3)(c1ccc4)c34
O=C(NS(=O)(=O)c(ccc(N)c1)c1)C,-1.23,-1.644531,O=C(NS(=O)(=O)c(ccc(N)c1)c1)C
ONc(cccc1)c1,-0.74,-0.611961,ONc(cccc1)c1
O=C(O)C(N)Cc(ccc(O)c1O)c1,-1.6,-1.18013505,O=C(O)C(N)Cc(ccc(O)c1O)c1
C(O)CCCCCCCCCCCCC,-6.05,-5.755215,C(O)CCCCCCCCCCCCC
c1c(O)cc2CC=C3C4CCC(=O)C4(C)CCC3c2c1,-5.28,-4.5357805,c1c(O)cc2CC=C3C4CCC(=O)C4(C)CCC3c2c1
O=C(OCCCCCC)C,-2.46,-1.780324,O=C(OCCCCCC)C
CCC2NC(=O)c1cc(c(Cl)cc1N2)S(N)(=O)=O,-3.29,-3.220894,CCC2NC(=O)c1cc(c(Cl)cc1N2)S(N)(=O)=O
O=C(O)c(c(ccc1)I)c1,-2.73,-2.218038,O=C(O)c(c(ccc1)I)c1
C=CCCl,-1.36,-1.2556398,C=CCCl
C(C(C(C(C1Cl)Cl)Cl)Cl)(C1Cl)Cl,-4.59,-5.1124905,C(C(C(C(C1Cl)Cl)Cl)Cl)(C1Cl)Cl
c1ccccc1c2cc(Cl)c(Cl)cc2,-6.39,-5.601136,c1ccccc1c2cc(Cl)c(Cl)cc2
ClCC(Cl)C,-1.6,-1.7384925,ClCC(Cl)C
c1cc(Cl)cc(Cl)c1O,-1.55,-2.12171,c1cc(Cl)cc(Cl)c1O
O=S(=O)(Nc(nccc1)c1)c(ccc(N)c2)c2,-2.7,-2.5692065,O=S(=O)(Nc(nccc1)c1)c(ccc(N)c2)c2
C1CC=C(C)CC1,-3.27,-2.7577,C1CC=C(C)CC1
c1cc(C)ccc1S(=O)(=O)NC(=O)NC2CCCCC2,-4.21,-3.9988655,c1cc(C)ccc1S(=O)(=O)NC(=O)NC2CCCCC2
c1c(OC)nc2cncnc2n1,-0.91,-1.4257118,c1c(OC)nc2cncnc2n1
c1cc(Cl)cc(Cl)c1c2c(Cl)cc(Cl)cc2,-6.51,-6.917165,c1cc(Cl)cc(Cl)c1c2c(Cl)cc(Cl)cc2
CN2C(=C(O)c1ccccc1S2(=O)=O)C(=O)Nc3ccccn3,-4.16,-3.3710145,CN2C(=C(O)c1ccccc1S2(=O)=O)C(=O)Nc3ccccn3
c1cccc(C)c1C(=O)O,-2.06,-1.4333735,c1cccc(C)c1C(=O)O
O=CNc(cccc1)c1,-0.68,-0.9962984,O=CNc(cccc1)c1
COC(C)(C)CCCC(C)CC=CC(C)=CC(=O)OC(C)C,-5.19,-4.91263,COC(C)(C)CCCC(C)CC=CC(C)=CC(=O)OC(C)C
C1C(O)CC2=CCC3C4CCC(C(=O)C)C4(C)CCC3C2(C)C1,-4.65,-4.6059395,C1C(O)CC2=CCC3C4CCC(C(=O)C)C4(C)CCC3C2(C)C1
CCI,-1.6,-1.6957105,CCI
FC(F)(F)C(Cl)Br,-1.71,-1.823106,FC(F)(F)C(Cl)Br
O=C(O)c(cccc1Cl)c1,-2.59,-2.1141985,O=C(O)c(cccc1Cl)c1
O=C1C=C2C(C)CC3C4CCC(O)(C(=O)CO)C4(C)CC(O)C3C2(C)C=C1,-2.99,-3.7921285,O=C1C=C2C(C)CC3C4CCC(O)(C(=O)CO)C4(C)CC(O)C3C2(C)C=C1
Oc(c(ccc1)C)c1,-0.62,-0.84711065,Oc(c(ccc1)C)c1
c1ccc(C)c(C)n1,0.38,-0.25579979,c1ccc(C)c(C)n1
c1c(S(=O)(=O)N)c(Cl)cc(O)c1C(=O)Nc2c(C)cccc2C,-3.79,-4.0707615,c1c(S(=O)(=O)N)c(Cl)cc(O)c1C(=O)Nc2c(C)cccc2C
ClCC(Cl)CCl,-1.92,-2.153499,ClCC(Cl)CCl
c1cc(N)ccc1S(=O)(=O)Nc2cnccn2,-3.7,-2.2907865,c1cc(N)ccc1S(=O)(=O)Nc2cnccn2
N(c(c(S1)cc(c2)C)c2)=C1c(ccc(N)c3)c3,-3.68,-4.328304,N(c(c(S1)cc(c2)C)c2)=C1c(ccc(N)c3)c3
CCC1(C(=O)NC(=O)NC1=O)C2=CCCCCC2,-3,-2.830638,CCC1(C(=O)NC(=O)NC1=O)C2=CCCCCC2
c1ccccc1C(=C)C(=O)O,-2.06,-1.8971215,c1ccccc1C(=C)C(=O)O
O=C(OCC)CCCC,-1.75,-1.4302184,O=C(OCC)CCCC
N#CCCCl,-0.29,-0.547259655,N#CCCCl
c1nc(O)c2cnnc2n1,-2.38,-1.12079595,c1nc(O)c2cnnc2n1
c1cc(Cl)ccc1Br,-3.63,-3.126299,c1cc(Cl)ccc1Br
CCCCNCCCC,-1.44,-1.493969,CCCCNCCCC
c1c(C(F)(F)F)cccc1N2C(=O)C(Cl)=C(NC)C=N2,-4.04,-4.0284245,c1c(C(F)(F)F)cccc1N2C(=O)C(Cl)=C(NC)C=N2
O=C(CC)C,0.52,-0.014126975,O=C(CC)C
COCCC,-0.39,0.069552503,COCCC
c1cc(C)c2c(C)cccc2c1C,-4.92,-5.119905,c1cc(C)c2c(C)cccc2c1C
Cc1c(CCCC)c(O)nc(N(C)C)n1,-2.24,-1.8598549,Cc1c(CCCC)c(O)nc(N(C)C)n1
O1C=CC=C1,-0.82,0.32063156,O1C=CC=C1
O=C(O)COc(ccc(c1)Cl)c1,-2.29,-1.811544,O=C(O)COc(ccc(c1)Cl)c1
O=C(C(C(C(C(C(C(C(=CC(=O)C1)C2)(C1)C)C3)C2)C4)(C3)C)C4)C,-4.43,-5.133451,O=C(C(C(C(C(C(C(C(=CC(=O)C1)C2)(C1)C)C3)C2)C4)(C3)C)C4)C
CN(C)NC(=O)CCC(O)=O,-0.2,-0.402444962,CN(C)NC(=O)CCC(O)=O
OC(C#C)(C(C(C(C(c(c(cc(O)c1)C2)c1)C3)C2)C4)(C3)C)C4,-4.3,-4.504907,OC(C#C)(C(C(C(C(c(c(cc(O)c1)C2)c1)C3)C2)C4)(C3)C)C4
O=C1C(C)CCC(C(C)=C)C1,-2.18,-2.925915,O=C1C(C)CCC(C(C)=C)C1
O=C(CCCCCCCC)C,-3.31,-3.5154835,O=C(CCCCCCCC)C
O=C(O)c(ccc(N)c1)c1,-0.4,-1.1161637,O=C(O)c(ccc(N)c1)c1
n(c(nc(n1)NCC)NCC)c1Cl,-4.55,-3.0226,n(c(nc(n1)NCC)NCC)c1Cl
O=C(C(C(C(C(c(c(cc(O)c1)C2)c1)C3)C2)C4)(C3)C)C4,-3.96,-4.357868,O=C(C(C(C(C(c(c(cc(O)c1)C2)c1)C3)C2)C4)(C3)C)C4
ClC(Cl)=C,-1.64,-1.20369455,ClC(Cl)=C
O=C(O)C(O)(c(cccc1)c1)c(cccc2)c2,-2.21,-2.4652185,O=C(O)C(O)(c(cccc1)c1)c(cccc2)c2
O=N(=O)OC(C(OCC1ON(=O)=O)C1O2)C2,-2.63,-2.4099975,O=N(=O)OC(C(OCC1ON(=O)=O)C1O2)C2
c1ccc2Sc3ccccc3N(CC4CN(C)CCC4)c2c1,-4.74,-4.326267,c1ccc2Sc3ccccc3N(CC4CN(C)CCC4)c2c1
c1c(CO)c(O)ccc1C(O)CNC(C)(C)C,-1.22,-1.1771377,c1c(CO)c(O)ccc1C(O)CNC(C)(C)C
CCCC(C)C,-3.74,-3.0515325,CCCC(C)C
O(C1C)C1,-0.59,0.47225318,O(C1C)C1
c1c(Cl)c(Cl)c(Cl)c(Cl)c1c2c(Cl)cccc2,-7.21,-7.540727,c1c(Cl)c(Cl)c(Cl)c(Cl)c1c2c(Cl)cccc2
CN(C)CCCN2c1ccccc1Sc3ccc(Cl)cc23,-5.01,-4.542448,CN(C)CCCN2c1ccccc1Sc3ccc(Cl)cc23
Cc1cc(O)no1,-0.07,0.64332326,Cc1cc(O)no1
CCCCCCCC,-5.24,-4.528331,CCCCCCCC
CCC(C)(C)CO,-1.04,-0.69899705,CCC(C)(C)CO
O=C(N)C(=C(O)C(N(C)C)C(C1(O)C(O)=C(C2C(O)(c(c3c(O)cc4)c4Cl)C)C3=O)C2)C1=O,-2.88,-3.169218,O=C(N)C(=C(O)C(N(C)C)C(C1(O)C(O)=C(C2C(O)(c(c3c(O)cc4)c4Cl)C)C3=O)C2)C1=O
CCCOC(=O)c1ccc(N)cc1,-2.33,-2.087587,CCCOC(=O)c1ccc(N)cc1
C1CCCCC1,-3.1,-2.8775005,C1CCCCC1
O=C(OCCCCC)C,-1.89,-1.2401225,O=C(OCCCCC)C
ClCCl,-0.63,-0.4986333,ClCCl
c1cc(Cl)ccc1Cl,-3.27,-2.9624085,c1cc(Cl)ccc1Cl
Clc1cccc(Cl)c1c2c(Cl)cccc2Cl,-7.39,-6.800765,Clc1cccc(Cl)c1c2c(Cl)cccc2Cl
c1ccccc1c2cc(Cl)ccc2,-4.88,-4.860781,c1ccccc1c2cc(Cl)ccc2
c1ccccc1C,-2.21,-2.0570465,c1ccccc1C
CCNC(=S)NCC,-1.46,-0.92228615,CCNC(=S)NCC
ClC(=C(c1ccccc1Cl)c2ccc(cc2)Cl)Cl,-6.36,-7.1377325,ClC(=C(c1ccccc1Cl)c2ccc(cc2)Cl)Cl
O=C(O)c(ccc(O)c1)c1,-1.41,-1.02594865,O=C(O)c(ccc(O)c1)c1
O=C(OC)CCCCC,-2,-1.4872625,O=C(OC)CCCCC
C1=CC(=O)C=C2CCC3C4CC(C)C(OC(=O)CCCC)(C(=O)CO)C4(C)CC(O)C3(F)C12C,-4.71,-4.947181,C1=CC(=O)C=C2CCC3C4CC(C)C(OC(=O)CCCC)(C(=O)CO)C4(C)CC(O)C3(F)C12C
Cc1cccc(C)n1,0.45,-0.50842327,Cc1cccc(C)n1
O=COCCC,-0.49,0.083984185,O=COCCC
O=N(=O)c(cccc1)c1,-1.8,-1.7640945,O=N(=O)c(cccc1)c1
O=C(OCCCC)c(cccc1)c1,-3.48,-2.839421,O=C(OCCCC)c(cccc1)c1
CCOP(=S)(OCC)N2C(=O)c1ccccc1C2=O,-3.35,-3.9749265,CCOP(=S)(OCC)N2C(=O)c1ccccc1C2=O
Oc1c(Br)cc(C#N)cc1Br,-3.33,-3.3163715,Oc1c(Br)cc(C#N)cc1Br
c1ccc2N(C)C3C4CC5C(CC)C(O)N4C(C56)CC3(C6O)c2c1,-2.82,-2.7478675,c1ccc2N(C)C3C4CC5C(CC)C(O)N4C(C56)CC3(C6O)c2c1
O=C(OCCCC)C,-1.24,-0.69758935,O=C(OCCCC)C
c1ccc2ccccc2c1Cl,-3.93,-4.1307175,c1ccc2ccccc2c1Cl
O=C(OC(C(C(C(C(C(C(=CC(=O)C1)C2)(C1)C)C3)C2)C4)(C3)C)C4)CC,-5.37,-4.85627,O=C(OC(C(C(C(C(C(C(=CC(=O)C1)C2)(C1)C)C3)C2)C4)(C3)C)C4)CC
CC(C)(Cl)CC,-2.51,-2.5399235,CC(C)(Cl)CC
O=C(OCC)c(cccc1)c1,-2.32,-1.905916,O=C(OCC)c(cccc1)c1
CCCCCCCC#C,-4.24,-4.4396545,CCCCCCCC#C
CC(=O)C3(O)CCC4C2CCC1=CC(=O)CCC1(C)C2CCC34C,-4.71,-3.9477355,CC(=O)C3(O)CCC4C2CCC1=CC(=O)CCC1(C)C2CCC34C
c1cc(N)ccc1S(=O)(=O)Nc2nc(C)nc(C)c2,-2.24,-3.027872,c1cc(N)ccc1S(=O)(=O)Nc2nc(C)nc(C)c2
C1(C)=CSC=C1,-2.39,-1.3756834,C1(C)=CSC=C1
OC(=O)CCCOc1ccc(Cl)cc1Cl,-3.67,-3.408916,OC(=O)CCCOc1ccc(Cl)cc1Cl
O=C(Nc(ccc(c1)F)c1)C,-1.78,-1.706677,O=C(Nc(ccc(c1)F)c1)C
O=C(OCC(OC(=O)C)COC(=O)C)C,-0.6,-1.32362975,O=C(OCC(OC(=O)C)COC(=O)C)C
O=C(c(c(C(=O)c1cccc2)ccc3)c3)c12,-5.19,-3.89526,O=C(c(c(C(=O)c1cccc2)ccc3)c3)c12
c1ccc2cccc3c2c1C=C3,-3.96,-4.538,c1ccc2cccc3c2c1C=C3
ClC(Cl)CCl,-1.48,-1.6045885,ClC(Cl)CCl
CCC(O)C(C)C,-0.7,-0.8776439,CCC(O)C(C)C
O=C(N(c(cccc1)c1)C)C,-0.95,-1.10198655,O=C(N(c(cccc1)c1)C)C
c1ccc2Sc3ccc(C(#N))cc3N(CCCN4CCC(O)CC4)c2c1,-3.98,-4.402384,c1ccc2Sc3ccc(C(#N))cc3N(CCCN4CCC(O)CC4)c2c1
O=C(O)c(ccc(O)c1OC)c1,-2.05,-1.1938789,O=C(O)c(ccc(O)c1OC)c1
OC(C(C(C1C2)(C)C)(C2)C)C1,-2.32,-1.7420322,OC(C(C(C1C2)(C)C)(C2)C)C1
O=C(OC)CCCCCCC,-3.39,-2.5715635,O=C(OC)CCCCCCC
c1ccccc1NC(=O)CC,-1.92,-2.1298215,c1ccccc1NC(=O)CC
O(C(C)C)C(C)C,-1.1,-1.055171,O(C(C)C)C(C)C
c1ccc2C(=O)N(C(CCl)SP(=S)(OCC)OCC)C(=O)c2c1,-6.34,-5.573821,c1ccc2C(=O)N(C(CCl)SP(=S)(OCC)OCC)C(=O)c2c1
O(C(CC1)C)C1,0.11,-0.376797495,O(C(CC1)C)C1
c1cnc2c(C)ncnc2n1,-0.12,-1.01990935,c1cnc2c(C)ncnc2n1
ClC3=C(Cl)C4(Cl)C2C1CC(C=C1)C2C3(Cl)C4(Cl)Cl,-7.33,-6.703641,ClC3=C(Cl)C4(Cl)C2C1CC(C=C1)C2C3(Cl)C4(Cl)Cl
s1c(N)ncc1,-0.36,-0.766994735,s1c(N)ncc1
CC(=O)CC(=O)C,0.22,0.27812203,CC(=O)CC(=O)C
NC(=O)OCCCCCCC,-2.62,-2.053849,NC(=O)OCCCCCCC
C1=CC(=O)NC(=O)N1C,-0.8,-0.6151357,C1=CC(=O)NC(=O)N1C
O=C(CCCC)CCCC,-2.59,-2.8433085,O=C(CCCC)CCCC
CCC(Cl)CC,-2.63,-2.6502865,CCC(Cl)CC
CCCN(=O)=O,-0.8,0.075027322,CCCN(=O)=O
O=C(O)c(cccc1)c1,-1.55,-0.99874035,O=C(O)c(cccc1)c1
ClC(=C(C=C(Cl)Cl)Cl)Cl,-4.23,-4.2418595,ClC(=C(C=C(Cl)Cl)Cl)Cl
C=C(C)C=C,-2.03,-1.960455,C=C(C)C=C
CCCCC=O,-0.85,-0.6450396,CCCCC=O
OC(=O)c1ccccc1Nc2c(C)c(C)ccc2,-3.78,-3.90306,OC(=O)c1ccccc1Nc2c(C)c(C)ccc2
CC(=O)CCC1C(=O)N(c2ccccc2)N(c3ccccc3)C1=O,-3.27,-4.0603285,CC(=O)CCC1C(=O)N(c2ccccc2)N(c3ccccc3)C1=O
O=C(OCCC(C)C)c(c(O)ccc1)c1,-3.16,-2.9684055,O=C(OCCC(C)C)c(c(O)ccc1)c1
OCC1OC(C(O)C1O)n2cnc3C(=O)NC=Nc23,-1.23,-2.58631,OCC1OC(C(O)C1O)n2cnc3C(=O)NC=Nc23
c(c(c(cc1)ccc2)c2cc3)(c3cc(c4ccc5)c5)c14,-8.19,-7.4813535,c(c(c(cc1)ccc2)c2cc3)(c3cc(c4ccc5)c5)c14
C1C(N2C)CC(O)C(C(=O)O)C2C1,-0.02,-0.130548797,C1C(N2C)CC(O)C(C(=O)O)C2C1
c1ccccc1C#N,-1,-1.2719655,c1ccccc1C#N
CCCCC#C,-2.36,-2.594262,CCCCC#C
ClC(Cl)(Cl)CCl,-2.18,-2.0895195,ClC(Cl)(Cl)CCl
OCCN(c(cccc1)c1)CCO,-0.73,-0.482501665,OCCN(c(cccc1)c1)CCO
CC(C)(C)C(O)(C)CC,-1.27,-1.797361,CC(C)(C)C(O)(C)CC
CN1C(=O)NC(NC2=O)=C(N2)C1=O,-1.56,-2.305466,CN1C(=O)NC(NC2=O)=C(N2)C1=O
O=C(N(OC)C)Nc(ccc(c1)Cl)c1,-2.57,-2.5958155,O=C(N(OC)C)Nc(ccc(c1)Cl)c1
CN(C)C(=O)Oc1nc(nc(C)c1C)N(C)C,-1.95,-2.507889,CN(C)C(=O)Oc1nc(nc(C)c1C)N(C)C
O=C(NC(=O)c1cccc2)c12,-2.61,-1.8709425,O=C(NC(=O)c1cccc2)c12
c1ccccc1N2C(=O)C(N(C)C)=C(C)N2C,-0.63,-2.07915935,c1ccccc1N2C(=O)C(N(C)C)=C(C)N2C
CC1(C)CC(C)CC1,-4.48,-3.5107345,CC1(C)CC(C)CC1
C1CCCCC1CC,-4.25,-4.1229245,C1CCCCC1CC
O=C(O)CCCCCCC,-2.3,-2.0529045,O=C(O)CCCCCCC
c1cc(C)ccc1C,-2.77,-2.7537585,c1cc(C)ccc1C
c1cc(Cl)c(Cl)c(Cl)c1c2c(Cl)cc(Cl)c(Cl)c2,-8.32,-8.22526,c1cc(Cl)c(Cl)c(Cl)c1c2c(Cl)cc(Cl)c(Cl)c2
Cc1c(C)cc2ccccc2c1,-4.72,-4.533216,Cc1c(C)cc2ccccc2c1
CCCN(CCC)c1c(cc(cc1N(=O)=O)C(F)(F)F)N(=O)=O,-5.68,-3.846422,CCCN(CCC)c1c(cc(cc1N(=O)=O)C(F)(F)F)N(=O)=O
O=C(OCC)CCC(=O)OCC,-0.96,-1.2618603,O=C(OCC)CCC(=O)OCC
c1ccccc1N,-0.41,-0.5873596,c1ccccc1N
O=C(OCC(CCC)(C)COC(=O)N)N,-1.67,-1.755231,O=C(OCC(CCC)(C)COC(=O)N)N
O=C(C(C(C1C2)(C)C)(C2)C)C1,-1.99,-1.981443,O=C(C(C(C1C2)(C)C)(C2)C)C1
c1ccccc1c2c(Cl)cc(Cl)c(Cl)c2,-6.27,-6.2568205,c1ccccc1c2c(Cl)cc(Cl)c(Cl)c2
c1ccc(N)cc1C(=O)C,-1.28,-1.30513235,c1ccc(N)cc1C(=O)C
c1ccc2c(c1)ccc3ncccc23,-3.36,-3.884093,c1ccc2c(c1)ccc3ncccc23
OC1C=CC2C1C3(Cl)C(=C(Cl)C2(Cl)C3(Cl)Cl)Cl,-5.46,-5.7883275,OC1C=CC2C1C3(Cl)C(=C(Cl)C2(Cl)C3(Cl)Cl)Cl
C1C2=CC(=O)C=CC2(C)C3C(O)CC4(C)C(O)(C(=O)CO)CCC4C3C1,-3.21,-2.968672,C1C2=CC(=O)C=CC2(C)C3C(O)CC4(C)C(O)(C(=O)CO)CCC4C3C1
Nc(c(ccc1)Cl)c1,-1.52,-1.30487305,Nc(c(ccc1)Cl)c1
O=C(OC)CCCC,-1.36,-0.952585,O=C(OC)CCCC
NC(=O)NCc1ccccc1,-0.95,-1.53444565,NC(=O)NCc1ccccc1
CC(=O)OC3(CCC4C2CCC1=CC(=O)CCC1C2CCC34C)C#C,-4.79,-5.1626105,CC(=O)OC3(CCC4C2CCC1=CC(=O)CCC1C2CCC34C)C#C
C1CCCCCCC1,-4.15,-4.4191965,C1CCCCCCC1
c1cnc2c(SC)ncnc2n1,-1.76,-2.012952,c1cnc2c(SC)ncnc2n1
c1ccccc1C(=O)NC(=O)c2ccccc2,-2.27,-3.895618,c1ccccc1C(=O)NC(=O)c2ccccc2
CC2Nc1cc(Cl)c(cc1C(=O)N2c3ccccc3C)S(N)(=O)=O,-3.78,-4.031119,CC2Nc1cc(Cl)c(cc1C(=O)N2c3ccccc3C)S(N)(=O)=O
c1ccc2c(C)cccc2c1C,-4.74,-4.4192835,c1ccc2c(C)cccc2c1C
c1cccc(Cl)c1Cl,-3.05,-3.0570545,c1cccc(Cl)c1Cl
CCSCc1ccccc1OC(=O)NC,-2.09,-3.0987805,CCSCc1ccccc1OC(=O)NC
c1cc(N)ccc1S(=O)(=O)Nc2nccs2,-2.43,-2.8693165,c1cc(N)ccc1S(=O)(=O)Nc2nccs2
O=C(O)COc(cccc1)c1,-1.1,-1.0341692,O=C(O)COc(cccc1)c1
O=C1C(Br)=C(N)C=NN1c2ccccc2,-3.12,-2.6245105,O=C1C(Br)=C(N)C=NN1c2ccccc2
c1ccccc1CO,-0.4,-0.5437385,c1ccccc1CO
O=C(O)CCC(C(C(C(C(C(C(C(C1)CC(O)C2)(C2)C)C3)C1O)C4)(C3O)C)C4)C,-3.37,-4.225472,O=C(O)CCC(C(C(C(C(C(C(C(C1)CC(O)C2)(C2)C)C3)C1O)C4)(C3O)C)C4)C
COc1ccc2COC(=O)c2c1OC,-1.89,-1.52239975,COc1ccc2COC(=O)c2c1OC
CCCCCO,-0.6,-0.50990085,CCCCCO
c1cc(F)ccc1F,-1.97,-1.899806,c1cc(F)ccc1F
O=COC,0.58,0.87681555,O=COC
O=C(O)C(OC=C1)=C1,-0.48,0.039411775,O=C(O)C(OC=C1)=C1
CCOP(=S)(OCC)SCCSCC,-4.23,-4.110645,CCOP(=S)(OCC)SCCSCC
c1cc(Cl)ccc1C,-3.08,-2.655025,c1cc(Cl)ccc1C
O=C(O)c(c(ccc1)Cl)c1,-1.89,-1.8419755,O=C(O)c(c(ccc1)Cl)c1
O=C(OCC)C=Cc(cccc1)c1,-3,-2.9310095,O=C(OCC)C=Cc(cccc1)c1
O=C(O)CCCC(=O)O,1,-0.262747245,O=C(O)CCCC(=O)O
C1CC=CC1,-2.1,-1.9836715,C1CC=CC1
Clc1cccc(Cl)c1C#N,-4.24,-3.1924905,Clc1cccc(Cl)c1C#N
c1cc(CC(C)C)ccc1C(C)C(=O)NO,-3.04,-3.653446,c1cc(CC(C)C)ccc1C(C)C(=O)NO
Nc(c(ccc1)CC)c1CC,-2.35,-2.4445135,Nc(c(ccc1)CC)c1CC
c1ccc2C(=O)N=C(c3ccccc3)Oc2c1,-4.61,-4.0269225,c1ccc2C(=O)N=C(c3ccccc3)Oc2c1
n(c(c(ccc1C)cc2)c1)c2C,-1.94,-2.6302435,n(c(c(ccc1C)cc2)c1)c2C
CCOP(=S)(OCC)Oc1ccc(cc1)S(C)=O,-2.3,-4.010413,CCOP(=S)(OCC)Oc1ccc(cc1)S(C)=O
CCCN(CCC)c1c(cc(cc1N(=O)=O)S(N)(=O)=O)N(=O)=O,-5.16,-3.621911,CCCN(CCC)c1c(cc(cc1N(=O)=O)S(N)(=O)=O)N(=O)=O
Cc1cccc2sc3nncn3c12,-2.07,-3.0080345,Cc1cccc2sc3nncn3c12
OCCC(C)(C)C,-0.5,-0.73355965,OCCC(C)(C)C
c1cccc(Br)c1Br,-3.5,-3.6284975,c1cccc(Br)c1Br
Clc1cc(Cl)c(Cl)c(Cl)c1c2c(Cl)cc(Cl)c(Cl)c2,-7.92,-8.8212535,Clc1cc(Cl)c(Cl)c(Cl)c1c2c(Cl)cc(Cl)c(Cl)c2
O=C(OCC)CCCCCCC,-3.39,-3.0072755,O=C(OCC)CCCCCCC
BrCCBr,-1.68,-1.611533,BrCCBr
c1ccc2c(c1)c4cccc5ccc3cccc2c3c45,-7.8,-7.981388,c1ccc2c(c1)c4cccc5ccc3cccc2c3c45
Oc1cc(O)c2C(=O)CC(c3cc(O)c(O)cc3)Oc2c1,-3.62,-2.606632,Oc1cc(O)c2C(=O)CC(c3cc(O)c(O)cc3)Oc2c1
o(c(c(c1cccc2)ccc3)c3)c12,-4.6,-3.4873765,o(c(c(c1cccc2)ccc3)c3)c12
CCCCC(O)CC,-1.47,-1.525469,CCCCC(O)CC
c1cnc2cnc(SC)nc2n1,-2.36,-1.937705,c1cnc2cnc(SC)nc2n1
c1cc(Cl)c(Cl)cc1c2c(Cl)c(Cl)c(Cl)c(Cl)c2,-7.82,-8.1829605,c1cc(Cl)c(Cl)cc1c2c(Cl)c(Cl)c(Cl)c(Cl)c2
O=C(OCC(CCCC)CC)c(c(ccc1)C(=O)OCC(CCCC)CC)c1,-6.96,-6.311575,O=C(OCC(CCCC)CC)c(c(ccc1)C(=O)OCC(CCCC)CC)c1
C(O)(c1ccc(Br)cc1)(c2ccc(Br)cc2)C(=O)OC(C)C,-4.93,-5.633029,C(O)(c1ccc(Br)cc1)(c2ccc(Br)cc2)C(=O)OC(C)C
CC(Cl)CCC,-2.63,-2.6101425,CC(Cl)CCC
O=C(OC(C1C(C2(CC(O)(C3=C)CC4)C3)C(=O)O)(C24)C=CC5O)C15C,-1.84,-2.499531,O=C(OC(C1C(C2(CC(O)(C3=C)CC4)C3)C(=O)O)(C24)C=CC5O)C15C
O=C(NC(NC(=O)N1)C1=O)N,-1.6,-1.7237345,O=C(NC(NC(=O)N1)C1=O)N
CC(C)C1(CC=C)C(=O)NC(=O)NC1=O,-1.71,-2.3736405,CC(C)C1(CC=C)C(=O)NC(=O)NC1=O
O=CCCCCCC,-1.7,-2.001357,O=CCCCCCC
O=C(NC(=O)C(N(=O)=O)C1=O)N1,-2.28,-1.86725105,O=C(NC(=O)C(N(=O)=O)C1=O)N1
O=C(N(N(C1=O)c(cccc2)c2)c(cccc3)c3)C1CCCC,-3.81,-4.717686,O=C(N(N(C1=O)c(cccc2)c2)c(cccc3)c3)C1CCCC
COc1ccc2n(C(=O)c3ccc(Cl)cc3)c(C)c(CC(=O)O)c2c1,-4.62,-4.652614,COc1ccc2n(C(=O)c3ccc(Cl)cc3)c(C)c(CC(=O)O)c2c1
O=C(N(C)C)Nc(cccc1)c1,-1.6,-1.40915015,O=C(N(C)C)Nc(cccc1)c1
CCc2nnc(NS(=O)(=O)c1ccc(N)cc1)s2,-1.94,-3.081224,CCc2nnc(NS(=O)(=O)c1ccc(N)cc1)s2
CCC=O,0.58,0.429979502,CCC=O
COc2ccc1C(OC(=O)c1c2OC)C4N(C)CCc5cc3OCOc3c(OC)c45,-3.14,-3.155255,COc2ccc1C(OC(=O)c1c2OC)C4N(C)CCc5cc3OCOc3c(OC)c45
O=C(O)C(CCCC1)C1,-1.45,-1.1099458,O=C(O)C(CCCC1)C1
O=C(NC(=O)C1)C1,0.3,0.244629665,O=C(NC(=O)C1)C1
O=C(OC)N,0.97,0.44422965,O=C(OC)N
C1CCCC1,-2.64,-2.6311805,C1CCCC1
Oc(ccc(c1C)C)c1,-1.41,-1.458259,Oc(ccc(c1C)C)c1
CC(C)(S)C(N)C(O)=O,-0.13,-0.516332063,CC(C)(S)C(N)C(O)=O
c1cc(C)ccc1CC,-3.11,-3.383451,c1cc(C)ccc1CC
Oc(ccc(c1)C(C)(C)C)c1,-2.41,-2.156829,Oc(ccc(c1)C(C)(C)C)c1
c1ccc(Cl)c(Cl)c1c2c(Cl)c(Cl)c(Cl)c(Cl)c2,-8.42,-8.1149785,c1ccc(Cl)c(Cl)c1c2c(Cl)c(Cl)c(Cl)c(Cl)c2
CN1C(=O)C=CC=C1,0.96,-0.084518655,CN1C(=O)C=CC=C1
Nc(ccc(c1Cl)Cl)c1,-3.24,-2.5607755,Nc(ccc(c1Cl)Cl)c1
O=C(O)CCCCCCCCCCCCCC,-4.31,-5.448985,O=C(O)CCCCCCCCCCCCCC
CC(C)(Cl)C(Cl)C,-2.69,-2.438601,CC(C)(Cl)C(Cl)C
CC(C)(C)C(=O)CC(=O)C,-1.63,-0.521075975,CC(C)(C)C(=O)CC(=O)C
C1C(=O)C=C2CCC3C4CCC(C(=O)CO)C4(C5O)CC(O5)C3C2(C)C1,-3.85,-3.284535,C1C(=O)C=C2CCC3C4CCC(C(=O)CO)C4(C5O)CC(O5)C3C2(C)C1
O=C(O)C=CC=CC,-1.77,-0.91760935,O=C(O)C=CC=CC
CCOP(=S)(OCC)SCSc1ccc(Cl)cc1,-5.74,-5.847986,CCOP(=S)(OCC)SCSc1ccc(Cl)cc1
O=C(O)c(c(ccc1)C(=O)O)c1,-2.11,-1.454953,O=C(O)c(c(ccc1)C(=O)O)c1
O=C(OCC)CCCCCC,-2.71,-2.661813,O=C(OCC)CCCCCC
C=CCBr,-1.5,-1.550274,C=CCBr
OC(CCC(C1)C)C1,-0.88,-1.1817026,OC(CCC(C1)C)C1
c1ccc2c3ccc(Cl)cc3C(O)(C(=O)O)c2c1,-4.18,-3.796063,c1ccc2c3ccc(Cl)cc3C(O)(C(=O)O)c2c1
O=C(OC)c(c(ccc1)C(=O)OC)c1,-1.66,-2.1817975,O=C(OC)c(c(ccc1)C(=O)OC)c1
n(c(nc(n1)N(CC)CC)NCC)c1Cl,-4.06,-3.4672395,n(c(nc(n1)N(CC)CC)NCC)c1Cl
c1cc(C)ccc1N,-1.21,-1.0831037,c1cc(C)ccc1N
O=C(OC)c(c(c(N)cc1Cl)Cl)c1,-3.26,-3.0714265,O=C(OC)c(c(c(N)cc1Cl)Cl)c1
c1ccc2ccccc2c1,-3.6,-3.468386,c1ccc2ccccc2c1
Nc(ccc(c1)Cl)c1,-1.66,-1.4381865,Nc(ccc(c1)Cl)c1
c1ccccc1C2(CC=C)C(=O)NC(=O)NC2=O,-2.18,-2.967851,c1ccccc1C2(CC=C)C(=O)NC(=O)NC2=O
n(c(c(ccc1)cc2)c1)c2,-1.3,-1.7037635,n(c(c(ccc1)cc2)c1)c2
O=C(O)CCCCCCCC(=O)O,-1.89,-1.65279485,O=C(O)CCCCCCCC(=O)O
c1c(S)nc2cncnc2n1,-2.71,-1.7570425,c1c(S)nc2cncnc2n1
CCCCCCCCOC(=O)c1ccc(N)cc1,-5.4,-4.1850175,CCCCCCCCOC(=O)c1ccc(N)cc1
c1c(O)cc2CCC3C4CCC(O)C4(C)CCC3c2c1,-4.84,-4.42522,c1c(O)cc2CCC3C4CCC(O)C4(C)CCC3c2c1
O=C(Nc(ccc(N)c1)c1)C,-0.98,-1.4579798,O=C(Nc(ccc(N)c1)c1)C
CCC1(CC)C(=O)NC(=O)NC1=O,-1.39,-1.50428615,CCC1(CC)C(=O)NC(=O)NC1=O
O=C(OCC)c(c(ccc1)C(=O)OCC)c1,-2.35,-2.9680305,O=C(OCC)c(c(ccc1)C(=O)OCC)c1
c1cccc(C)c1N,-0.85,-0.9242486,c1cccc(C)c1N
CC(C)C(C)(O)CC,-0.85,-1.01509745,CC(C)C(C)(O)CC
CCCCN(CC)C(=O)SCCC,-3.35,-3.070377,CCCCN(CC)C(=O)SCCC
CCCCCCO,-1.24,-1.2158035,CCCCCCO
O=C(OC(C(C(C(C(C(C(=CC(=O)C1)C2)(C1)C)C3)C2SC(=O)C)C4)(C3)C)(C4)C5)C5,-4.28,-5.2086675,O=C(OC(C(C(C(C(C(C(=CC(=O)C1)C2)(C1)C)C3)C2SC(=O)C)C4)(C3)C)(C4)C5)C5
O1CC(O)C(O)C(O)C1(O)CO,0.64,0.59525515,O1CC(O)C(O)C(O)C1(O)CO
BrC(Br)Br,-1.91,-1.9934885,BrC(Br)Br
CCCCCCCCl,-3.99,-4.0319105,CCCCCCCCl
c1cccc(N)c1N,-0.42,-0.744036545,c1cccc(N)c1N
C1C(=O)C=C2CCC3C4CCC(O)(C(=O)COC(=O)CC(C)(C)C)C4(C)CC(O)C3C2(C)C1,-5.51,-4.132431,C1C(=O)C=C2CCC3C4CCC(O)(C(=O)COC(=O)CC(C)(C)C)C4(C)CC(O)C3C2(C)C1
O=Cc(cccc1)c1,-1.19,-1.0412145,O=Cc(cccc1)c1
CCCI,-2.29,-2.286687,CCCI
O=C(CCC(C)C)C,-1.33,-1.551139,O=C(CCC(C)C)C
OCCCc(cccc1)c1,-1.38,-1.595871,OCCCc(cccc1)c1
C1(=O)C=C2CCC3C4CC(C)C(O)(C(=O)CO)C4(C)CC(O)C3(F)C2(C)C=C1,-3.64,-3.9039185,C1(=O)C=C2CCC3C4CC(C)C(O)(C(=O)CO)C4(C)CC(O)C3(F)C2(C)C=C1
O=C(Nc(c(ccc1)C)c1C)CN(CC)CC,-1.76,-2.4056385,O=C(Nc(c(ccc1)C)c1C)CN(CC)CC
c1ccc(Cl)cc1Cl,-3.04,-2.924206,c1ccc(Cl)cc1Cl
O=C(OCC(C)C)C=C,-1.21,-1.47467,O=C(OCC(C)C)C=C
O(c(c(O)ccc1CC=C)c1)C,-1.56,-2.5572645,O(c(c(O)ccc1CC=C)c1)C
O=C(NC(=O)C(Br)(CC)CC)N,-2.68,-2.436094,O=C(NC(=O)C(Br)(CC)CC)N
n(c(c(ccc1)cc2)c1)c2c(nc(c(ccc3)c4)c3)c4,-5.4,-4.5714445,n(c(c(ccc1)cc2)c1)c2c(nc(c(ccc3)c4)c3)c4
BrCCl,-0.89,-0.84235225,BrCCl
CCCCCCl,-2.73,-2.8192825,CCCCCCl
c1cc(N)ccc1S(=O)(=O)NC(=N)N,-1.99,-2.332517,c1cc(N)ccc1S(=O)(=O)NC(=N)N
NCC(CCCC)CC,-1.71,-2.0011375,NCC(CCCC)CC
N(CCCC1)C1,1.07,0.197508475,N(CCCC1)C1
c2ccc1nncc1c2,-2.16,-1.14345045,c2ccc1nncc1c2
c1ccc2ccccc2c1Br,-4.35,-4.3239935,c1ccc2ccccc2c1Br
CCC1(C(=O)NC(=O)NC1=O)C2=CCCCC2,-2.17,-2.799998,CCC1(C(=O)NC(=O)NC1=O)C2=CCCCC2
c1cc(C)ccc1O,-0.7,-0.87566495,c1cc(C)ccc1O
CC1=C(Cl)C(=O)N(C(C)(C)C)C(=O)N1,-2.48,-2.26918,CC1=C(Cl)C(=O)N(C(C)(C)C)C(=O)N1
CCBr,-1.09,-1.09589465,CCBr
CCC1NC(=O)NC1(=O),-0.06,-0.85005945,CCC1NC(=O)NC1(=O)
CCCBr,-1.73,-1.7460205,CCCBr
c1ccc2Sc3ccccc3N(CC(C)N(C)C)c2c1,-4.26,-4.210912,c1ccc2Sc3ccccc3N(CC(C)N(C)C)c2c1
O=C(NCC(=O)O)c(cccc1)c1,-1.68,-1.5566825,O=C(NCC(=O)O)c(cccc1)c1
O=C(N(c(c(C1(C(N(C2)CC(C3C4C5OC6)=C6)C3)C2)ccc7)c7)C14)C5,-3.32,-3.081036,O=C(N(c(c(C1(C(N(C2)CC(C3C4C5OC6)=C6)C3)C2)ccc7)c7)C14)C5
O=C(C=C(C(C(C(C(C(C(O)(C)C1)(C2)C)C1)C3)C2)(C4)C)C3)C4,-3.99,-4.214405,O=C(C=C(C(C(C(C(C(C(O)(C)C1)(C2)C)C1)C3)C2)(C4)C)C3)C4
O=CC=CC,0.32,-0.082870535,O=CC=CC
c1ccc2c(c1)cnc3ccccc23,-2.78,-3.5141725,c1ccc2c(c1)cnc3ccccc23
Oc(c(c(c(c1Cl)Cl)Cl)Cl)c1Cl,-4.28,-4.8388255,Oc(c(c(c(c1Cl)Cl)Cl)Cl)c1Cl
c1cc(C)c(C)cn1,0.36,-0.375636306,c1cc(C)c(C)cn1
O=C(N(C(=O)C(N(C=N1)CC(O)CO)=C12)C)N2C,-0.17,-1.5387668,O=C(N(C(=O)C(N(C=N1)CC(O)CO)=C12)C)N2C
c1cc(Cl)cc(Cl)c1Cl,-3.59,-3.800296,c1cc(Cl)cc(Cl)c1Cl
COC(=O)C1C(CC2CCC1N2C)OC(=O)c3ccccc3,-2.23,-2.5139535,COC(=O)C1C(CC2CCC1N2C)OC(=O)c3ccccc3
o1c(N(=O)(=O))ccc1C=NO,-2.19,-1.4734495,o1c(N(=O)(=O))ccc1C=NO
c1ccccc1C(CC)(C)C,-4.15,-3.9821185,c1ccccc1C(CC)(C)C
OC(=O)C(=O)O,0.38,0.5385045,OC(=O)C(=O)O
c1ccccc1C=C,-2.82,-2.6342305,c1ccccc1C=C
OCC(C)(C)CCC,-1.52,-1.529857,OCC(C)(C)CCC
O=C(N(C)C)Nc(ccc(c1)Cl)c1,-2.89,-2.231508,O=C(N(C)C)Nc(ccc(c1)Cl)c1
O=Cc(c(O)ccc1)c1,-0.86,-0.8986882,O=Cc(c(O)ccc1)c1
CC(O)(C)CC(C)C,-0.92,-0.9452666,CC(O)(C)CC(C)C
OCCOc(cccc1)c1,-0.71,-0.72787085,OCCOc(cccc1)c1
C1C=CCC=C1,-1.97,-1.8595265,C1C=CCC=C1
O=C(CCC)C,-0.19,-0.59490825,O=C(CCC)C
COP(=S)(OC)Oc1ccc(cc1Cl)N(=O)=O,-4.31,-4.0686625,COP(=S)(OC)Oc1ccc(cc1Cl)N(=O)=O
O=C(O)C(N)CCC(=O)N,-0.55,-0.4961581,O=C(O)C(N)CCC(=O)N
CC(=O)OCCN4CCN(CCCN2c1ccccc1Sc3ccc(Cl)cc23)CC4,-4.7,-4.2279755,CC(=O)OCCN4CCN(CCCN2c1ccccc1Sc3ccc(Cl)cc23)CC4
CI,-1,-1.0258611,CI
Oc(ccc(C(=C(c(ccc(O)c1)c1)CC)CC)c2)c2,-4.35,-5.236138,Oc(ccc(C(=C(c(ccc(O)c1)c1)CC)CC)c2)c2
N(=Nc(cccc1)c1)c(cccc2)c2,-4.45,-3.111728,N(=Nc(cccc1)c1)c(cccc2)c2
COC(=O)C(Cl)Cc1ccc(Cl)cc1,-3.77,-3.4736,COC(=O)C(Cl)Cc1ccc(Cl)cc1
C1C(=O)C=C2CCC3C4CCC(=O)C4(C)CCC3C2(C)C1,-3.69,-4.3620355,C1C(=O)C=C2CCC3C4CCC(=O)C4(C)CCC3C2(C)C1
CCCCO,0,-0.087754878,CCCCO
Oc(c(c(c(O)cc1)cc2)c1)c2,-2.92,-2.016331,Oc(c(c(c(O)cc1)cc2)c1)c2
c1cc(Cl)c(Cl)c(Cl)c1c2c(Cl)c(Cl)c(Cl)cc2Cl,-8.3,-8.538408,c1cc(Cl)c(Cl)c(Cl)c1c2c(Cl)c(Cl)c(Cl)cc2Cl
c1cc(N)ccc1S(=O)(=O)Nc2ncc(OC)cn2,-2.58,-3.153481,c1cc(N)ccc1S(=O)(=O)Nc2ncc(OC)cn2
O=C(Nc(cccc1)c1)c(c(O)ccc2)c2,-3.59,-2.9271155,O=C(Nc(cccc1)c1)c(c(O)ccc2)c2
Oc1ccc2Oc3cc(OC)cc(O)c3C(=O)c2c1,-2.93,-3.1090715,Oc1ccc2Oc3cc(OC)cc(O)c3C(=O)c2c1
O=C(CCC)CCC,-1.3,-1.8192845,O=C(CCC)CCC
CC(C#C)N(C)C(=O)Nc1ccc(Cl)cc1,-3.9,-3.5586555,CC(C#C)N(C)C(=O)Nc1ccc(Cl)cc1
IC=CI,-3.22,-2.324396,IC=CI
OC1C(O)C(O)C(O)C(O)C1,-0.17,0.837991885,OC1C(O)C(O)C(O)C(O)C1
Oc(ccc(c1)Cl)c1,-0.7,-1.4426485,Oc(ccc(c1)Cl)c1
c1cc(Cl)c(Cl)cc1c2c(Cl)c(Cl)c(Cl)cc2Cl,-7.66,-8.02679,c1cc(Cl)c(Cl)cc1c2c(Cl)c(Cl)c(Cl)cc2Cl
c1ccccc1NCC,-1.7,-1.3880355,c1ccccc1NCC
c1ccccc1c2c(Cl)c(Cl)ccc2Cl,-6.29,-6.1927065,c1ccccc1c2c(Cl)c(Cl)ccc2Cl
CC(C)Nc1nc(Cl)nc(NC(C)C)n1,-4.43,-3.046259,CC(C)Nc1nc(Cl)nc(NC(C)C)n1
CCC1(C(=O)NCNC1=O)c2ccccc2,-2.64,-1.748241,CCC1(C(=O)NCNC1=O)c2ccccc2
O=C(NC(=O)c(c(F)ccc1)c1F)Nc(ccc(c2)Cl)c2,-6.02,-4.792103,O=C(NC(=O)c(c(F)ccc1)c1F)Nc(ccc(c2)Cl)c2
O=C(N)c(c(O)ccc1)c1,-1.76,-0.95816005,O=C(N)c(c(O)ccc1)c1
n(c(ccc1)c(nccc2)c2)c1,-1.42,-1.634658,n(c(ccc1)c(nccc2)c2)c1
O=Cc(ccc(OCO1)c12)c2,-1.63,-1.18455255,O=Cc(ccc(OCO1)c12)c2
O=C(O)C=CC(N=CN1)=C1,-1.96,-0.480715315,O=C(O)C=CC(N=CN1)=C1
O=C(C(=CCC1C(=C)C)C)C1,-2.06,-2.491005,O=C(C(=CCC1C(=C)C)C)C1
o(c(c(n1)ccc2)c2)c1,-1.16,-0.65941205,o(c(c(n1)ccc2)c2)c1
CCCCC1C(=O)N(N(C1=O)c2ccc(O)cc2)c3ccccc3,-3.73,-4.2616725,CCCCC1C(=O)N(N(C1=O)c2ccc(O)cc2)c3ccccc3
COP(=S)(OC)Oc1ccc(cc1)N(=O)=O,-3.68,-3.4112185,COP(=S)(OC)Oc1ccc(cc1)N(=O)=O
OCCCC(C)(C)C,-1.55,-1.23687035,OCCCC(C)(C)C
O(CCC1)C1,0.56,-0.041132726,O(CCC1)C1
N(CCC1)C1,1.15,0.4761263,N(CCC1)C1
OC(=O)COc1ccccc1Cl,-2.16,-1.896982,OC(=O)COc1ccccc1Cl
O=C(OCCC)c(cccc1)c1,-2.67,-2.494709,O=C(OCCC)c(cccc1)c1
O=C(O)C(N)CC(N=CN1)=C1,-0.53,-0.20574032,O=C(O)C(N)CC(N=CN1)=C1
O=C(O)Cc(c(ccc1Cl)Cl)c1Cl,-3.08,-3.9153525,O=C(O)Cc(c(ccc1Cl)Cl)c1Cl
c(c(c(c(c1)ccc2)c2)ccc3)(c1)c3,-5.26,-4.9680355,c(c(c(c(c1)ccc2)c2)ccc3)(c1)c3
c1cc2ncccc2c(O)c1,-2.54,-1.44705835,c1cc2ncccc2c(O)c1
CC34CC(O)C1(F)C(CCC2=CC(=O)C=CC12C)C3CC(O)C4(O)C(=O)CO,-3.69,-2.880558,CC34CC(O)C1(F)C(CCC2=CC(=O)C=CC12C)C3CC(O)C4(O)C(=O)CO
N(C(=S)NC1)C1,-0.71,-0.93531275,N(C(=S)NC1)C1
O=C(OCCC(C)C)C,-1.92,-1.1783022,O=C(OCCC(C)C)C
Cc1cc(ccc1NS(=O)(=O)C(F)(F)F)S(=O)(=O)c2ccccc2,-3.8,-4.2146405,Cc1cc(ccc1NS(=O)(=O)C(F)(F)F)S(=O)(=O)c2ccccc2
O=C(C=C)CCC,-0.83,-1.2503077,O=C(C=C)CCC
c1ccc(Cl)cc1c2c(Cl)ccc(Cl)c2,-6.01,-6.2403955,c1ccc(Cl)cc1c2c(Cl)ccc(Cl)c2
c1ccccc1,-1.64,-1.540698,c1ccccc1
OC(c1ccccc1)C,-0.92,-1.1297214,OC(c1ccccc1)C
CC1=CC(=O)c2c(OC)c3ccoc3c(OC)c2O1,-2.4,-2.938211,CC1=CC(=O)c2c(OC)c3ccoc3c(OC)c2O1
COP(=S)(OC)Oc1nc(Cl)c(Cl)cc1Cl,-4.82,-4.497675,COP(=S)(OC)Oc1nc(Cl)c(Cl)cc1Cl
O=S(=O)(N)c(c(cc(NC(NS1(=O)=O)C(Cl)Cl)c12)Cl)c2,-2.68,-3.3786275,O=S(=O)(N)c(c(cc(NC(NS1(=O)=O)C(Cl)Cl)c12)Cl)c2
COCCCC,-0.99,-0.71526595,COCCCC
C=CCC1(CC=C)C(=O)NC(=O)NC1=O,-2.06,-2.301709,C=CCC1(CC=C)C(=O)NC(=O)NC1=O
O=NN(c(cccc1)c1)c(cccc2)c2,-3.75,-3.0839495,O=NN(c(cccc1)c1)c(cccc2)c2
Oc(c(ccc1C)C)c1,-1.54,-1.505912,Oc(c(ccc1C)C)c1
ClC(Cl)=C(Cl)Cl,-2.54,-2.643265,ClC(Cl)=C(Cl)Cl
O=N(=O)c(ccc(OC)c1)c1,-2.41,-2.091604,O=N(=O)c(ccc(OC)c1)c1
CNC(=O)Oc1ccc(N(C)C)c(C)c1,-2.36,-1.7787385,CNC(=O)Oc1ccc(N(C)C)c(C)c1
CCCC(=O)O,-0.19,0.1820096,CCCC(=O)O
c(c(ccc1)ccc2)(c1c(c3ccc4)c4)c23,-6,-6.176892,c(c(ccc1)ccc2)(c1c(c3ccc4)c4)c23
CN(C)CCCN2c1ccccc1Sc3ccc(C(F)(F)F)cc23,-5.3,-5.029161,CN(C)CCCN2c1ccccc1Sc3ccc(C(F)(F)F)cc23
c1cc(C)cc(C)c1C,-3.31,-3.5656245,c1cc(C)cc(C)c1C
c1ccc2ccccc2c1C,-3.7,-3.9459825,c1ccc2ccccc2c1C
c1cc(Cl)c(C)cc1O,-1.57,-1.695116,c1cc(Cl)c(C)cc1O
COc1ccc(cc1)C(O)(C2CC2)c3cncnc3,-2.6,-1.89012605,COc1ccc(cc1)C(O)(C2CC2)c3cncnc3
CCc1ccc2ccccc2c1,-4.29,-4.7133065,CCc1ccc2ccccc2c1
Oc(c(c(cccc1)c1)ccc2)c2,-2.39,-3.082332,Oc(c(c(cccc1)c1)ccc2)c2
N1C(=O)NC(=O)C(F)=C1,-1.07,-1.17461945,N1C(=O)NC(=O)C(F)=C1
C=CCCC=C,-2.68,-2.6236685,C=CCCC=C
c1ccc(Cl)c(Cl)c1c2c(Cl)c(Cl)ccc2,-7.28,-6.8749805,c1ccc(Cl)c(Cl)c1c2c(Cl)c(Cl)ccc2
c12ncnc(N)c1ccn2C3OC(CO)C(O)C3(O),-1.95,-1.72448955,c12ncnc(N)c1ccn2C3OC(CO)C(O)C3(O)
OC(CCC)(C)C,-0.49,-0.67504225,OC(CCC)(C)C
Oc(c(c(ccc1)cc2)c1)c2,-2.22,-2.336023,Oc(c(c(ccc1)cc2)c1)c2
FC(F)(F)C(O)C,0.3,-0.23864136,FC(F)(F)C(O)C
c1c(C)c(C)c(C)c(C)c1C,-4,-4.430093,c1c(C)c(C)c(C)c(C)c1C
c16cccc2ccc3ccc4ccc5cccc6c5c4c3c12,-9.03,-8.291,c16cccc2ccc3ccc4ccc5cccc6c5c4c3c12
BrCC(Br)CCl,-2.38,-2.6381445,BrCC(Br)CCl
O=Cc(ccc(OC)c1)c1,-1.49,-1.575254,O=Cc(ccc(OC)c1)c1
CCCC(CCC)C(O)=O,-1.86,-1.596618,CCCC(CCC)C(O)=O
O=C1C2(C(C3CCC4C(C3CC2)(C)CCCC4)CC1)C,-6.7,-5.5675235,O=C1C2(C(C3CCC4C(C3CC2)(C)CCCC4)CC1)C
O=N(=O)c(cccc1N)c1,-2.19,-1.6948105,O=N(=O)c(cccc1N)c1
O=C(OC(C)C)C,-0.55,-0.110730165,O=C(OC(C)C)C
n(c(O)ccc1)c1,1.02,-0.13009769,n(c(O)ccc1)c1
O=C(NCCCC)NS(=O)(=O)c(ccc(N)c1)c1,-2.18,-2.8216035,O=C(NCCCC)NS(=O)(=O)c(ccc(N)c1)c1
CN(C)C(=O)NC1CCCCCCC1,-2.36,-2.3951,CN(C)C(=O)NC1CCCCCCC1
CCSC(=O)N(CC)C1CCCCC1,-3.4,-2.6941405,CCSC(=O)N(CC)C1CCCCC1
FC(F)(F)c(cccc1N)c1,-1.47,-2.2074275,FC(F)(F)c(cccc1N)c1
O=C(O)C(N)C(O)C,-0.09,0.6210079,O=C(O)C(N)C(O)C
C1=CC(=O)N2CC(C3)CNCC3C2=C1,0.36,-1.42476635,C1=CC(=O)N2CC(C3)CNCC3C2=C1
c1cc(N)ccc1S(=O)(=O)Nc2nc(OC)nc(OC)c2,-2.96,-3.189085,c1cc(N)ccc1S(=O)(=O)Nc2nc(OC)nc(OC)c2
O=N(=O)c(ccc(N)c1)c1,-2.37,-1.786788,O=N(=O)c(ccc(N)c1)c1
O=C(OC)c(ccc(N)c1)c1,-1.59,-1.4845145,O=C(OC)c(ccc(N)c1)c1
C1CCCCC1OC(=O)C,-1.67,-1.25542695,C1CCCCC1OC(=O)C
c1ccccc1Cl,-2.38,-2.1906025,c1ccccc1Cl
O=C(NC(=O)C)N,-0.9,-0.071651295,O=C(NC(=O)C)N
O=C(OC(C(C(C=CC1=O)(CC2)C)=C1C)C23)C3C,-3.09,-3.4630615,O=C(OC(C(C(C=CC1=O)(CC2)C)=C1C)C23)C3C
